"","p_val","avg_log2FC","pct.1","pct.2","p_val_adj"
"MMP23B",0,0.771686692557619,0.694,0.439,0
"RER1",0,0.438528864111742,0.643,0.476,0
"RPL22",0,-0.39224901036276,0.911,0.959,0
"KLHL21",0,-0.427364509729417,0.128,0.251,0
"PER3",0,-0.412864987689404,0.168,0.287,0
"ERRFI1",0,-0.705293173096315,0.11,0.332,0
"ENO1",0,0.414656715272202,0.688,0.604,0
"SPSB1",0,-0.545879445474225,0.125,0.275,0
"SRM",0,0.485283247850496,0.553,0.335,0
"PLOD1",0,0.661026395493017,0.549,0.23,0
"MFAP2",0,1.26649372009453,0.732,0.378,0
"CAPZB",0,0.747217702919296,0.719,0.549,0
"NBL1",0,0.824246615868331,0.808,0.617,0
"PLA2G2A",0,-2.48954292346232,0.054,0.27,0
"ID3",0,-0.903021745378964,0.689,0.757,0
"RPL11",0,-0.263549113333771,0.985,0.993,0
"PNRC2",0,-0.453337393219025,0.413,0.507,0
"SYF2",0,-0.445308917885659,0.402,0.48,0
"RSRP1",0,-0.882233764199026,0.484,0.668,0
"COL16A1",0,1.22747667611339,0.693,0.347,0
"COL8A2",0,0.305764765354696,0.3,0.139,0
"ZC3H12A",0,-0.650944779020949,0.117,0.335,0
"C1orf122",0,0.596778154788866,0.639,0.413,0
"P3H1",0,0.596200372236907,0.583,0.282,0
"MED8",0,0.428821509543478,0.419,0.16,0
"ATP6V0B",0,0.632797738607913,0.636,0.425,0
"B4GALT2",0,0.434333978665787,0.468,0.187,0
"GPX7",0,0.758156503286513,0.559,0.211,0
"PLPP3",0,-1.95496402330575,0.33,0.743,0
"JUN",0,-0.60686618184787,0.856,0.883,0
"NFIA",0,-1.43204004913925,0.249,0.622,0
"PGM1",0,0.308449643263215,0.397,0.183,0
"GADD45A",0,-0.993101092252651,0.367,0.55,0
"NEGR1",0,-0.839433011528959,0.083,0.385,0
"PTGFR",0,-0.569720285869073,0.142,0.331,0
"CYR61",0,-0.870240195772205,0.326,0.622,0
"GBP1",0,0.364444559346762,0.344,0.139,0
"TGFBR3",0,-0.752218479685113,0.179,0.408,0
"CNN3",0,0.63037290846766,0.755,0.619,0
"COL11A1",0,2.17092743319503,0.566,0.035,0
"GSTM5",0,-0.580789697353917,0.036,0.257,0
"GSTM3",0,-0.733922784062373,0.334,0.547,0
"CSF1",0,-0.660185186836728,0.065,0.326,0
"RHOC",0,0.543979739303466,0.646,0.508,0
"OLFML3",0,0.457913074571872,0.757,0.639,0
"ATP1A1",0,-0.47452255266774,0.441,0.514,0
"PTGFRN",0,0.263141774223329,0.473,0.269,0
"ANKRD35",0,-0.335849793594319,0.101,0.252,0
"TXNIP",0,-1.16366316247677,0.561,0.713,0
"PLEKHO1",0,0.336103181048321,0.388,0.16,0
"MCL1",0,-0.555334590883918,0.534,0.645,0
"CTSS",0,-0.377654226885473,0.12,0.255,0
"S100A10",0,-0.448250181234657,0.941,0.97,0
"S100A11",0,0.412843356580661,0.93,0.91,0
"S100A16",0,0.514844001366666,0.61,0.426,0
"JTB",0,0.470594008675947,0.725,0.599,0
"RPS27",0,-0.730572941222047,0.936,0.987,0
"CKS1B",0,-0.446298996122198,0.207,0.356,0
"SSR2",0,0.345393521545053,0.76,0.726,0
"LMNA",0,-0.467006999667167,0.827,0.884,0
"CRABP2",0,0.545157376793683,0.759,0.618,0
"COPA",0,0.344165084259822,0.535,0.324,0
"OLFML2B",0,1.00153412629336,0.667,0.364,0
"UAP1",0,-0.799306783849052,0.389,0.493,0
"MGST3",0,0.646757550077086,0.876,0.802,0
"DPT",0,0.747456094650212,0.879,0.741,0
"ATP1B1",0,0.421854996738927,0.297,0.074,0
"DNM3OS",0,0.699062215703878,0.498,0.172,0
"RASAL2",0,0.40786274710681,0.392,0.132,0
"ANGPTL1",0,-0.798253677576322,0.315,0.565,0
"GLUL",0,-1.22214840854231,0.254,0.587,0
"RGS16",0,-1.34564880224923,0.23,0.462,0
"C1orf21",0,-0.465096403673638,0.248,0.361,0
"HMCN1",0,0.938326823808282,0.623,0.26,0
"RGS2",0,-0.552894144532613,0.171,0.303,0
"CFH",0,-1.90016158649494,0.63,0.857,0
"NEK7",0,0.297309942335321,0.357,0.178,0
"NAV1",0,0.35704610567057,0.462,0.258,0
"BTG2",0,-0.914403127150498,0.149,0.455,0
"PRELP",0,-0.657978548173446,0.27,0.49,0
"PPP1R15B",0,-0.708696449153985,0.248,0.412,0
"CD34",0,-0.877465192422563,0.059,0.35,0
"ATF3",0,-0.947572010513725,0.355,0.605,0
"PTPN14",0,0.262304246940051,0.311,0.104,0
"ENAH",0,1.03250491337601,0.699,0.385,0
"EPHX1",0,-0.657936021225259,0.36,0.498,0
"GUK1",0,0.533727989646551,0.79,0.691,0
"GALNT2",0,0.323840487805617,0.383,0.163,0
"IRF2BP2",0,-0.529117940473591,0.38,0.476,0
"HNRNPU",0,-0.588534624137152,0.622,0.706,0
"KIF26B",0,0.437489728504608,0.287,0.021,0
"SMYD3",0,0.621987244006722,0.384,0.106,0
"PXDN",0,0.558402859865665,0.488,0.192,0
"RNF144A",0,0.30629765827223,0.313,0.091,0
"ID2",0,-1.19835516432727,0.357,0.585,0
"SDC1",0,1.17112558540575,0.521,0.048,0
"RHOB",0,-0.707135589834156,0.355,0.501,0
"OST4",0,0.832791824770293,0.871,0.78,0
"EMILIN1",0,0.482146987453502,0.615,0.43,0
"BABAM2",0,0.466270409296907,0.424,0.174,0
"LTBP1",0,-0.739992980871496,0.373,0.508,0
"FAM98A",0,0.282605205192801,0.355,0.151,0
"VIT",0,-0.650488221102829,0.014,0.26,0
"CYP1B1",0,-1.02319557398499,0.143,0.345,0
"ZFP36L2",0,-2.02724406115707,0.464,0.863,0
"PLEKHH2",0,-0.704404487707162,0.243,0.368,0
"ERLEC1",0,0.512045942752654,0.635,0.416,0
"SPTBN1",0,-1.30013404305527,0.378,0.675,0
"RTN4",0,-0.516520661108675,0.682,0.764,0
"RPS27A",0,-0.333334600301986,0.973,0.988,0
"EFEMP1",0,-1.33990404527644,0.357,0.648,0
"REL",0,-0.903885110596334,0.201,0.419,0
"ACTR2",0,0.371150657347699,0.618,0.455,0
"ANTXR1",0,0.533624420101839,0.629,0.434,0
"NAGK",0,0.414406056986448,0.48,0.231,0
"PRADC1",0,0.26704490430065,0.321,0.136,0
"TMSB10",0,0.269331657846092,0.988,0.992,0
"MAT2A",0,-0.660602019129161,0.272,0.391,0
"CYTOR",0,0.436760344593208,0.532,0.305,0
"RPL31",0,-0.665983024982737,0.787,0.862,0
"MAP4K4",0,0.393358896894778,0.55,0.331,0
"FHL2",0,0.287028920129508,0.364,0.156,0
"ACTR3",0,0.424480186887563,0.588,0.396,0
"GYPC",0,-0.455621802285473,0.388,0.479,0
"ZEB2",0,-0.66187775063511,0.459,0.582,0
"RND3",0,-0.727542954472955,0.565,0.693,0
"NR4A2",0,-1.16021903624454,0.238,0.502,0
"GALNT5",0,0.885055584052975,0.507,0.085,0
"CD302",0,-0.568576837057344,0.276,0.419,0
"FAP",0,1.52406046228408,0.798,0.355,0
"GORASP2",0,0.253993558459535,0.441,0.223,0
"CYBRD1",0,-1.21199065925934,0.468,0.714,0
"CHN1",0,0.414093737113061,0.375,0.118,0
"LINC01116",0,0.493483707770454,0.437,0.182,0
"NFE2L2",0,-0.825276768017375,0.411,0.6,0
"FKBP7",0,0.391713407733906,0.572,0.369,0
"ITGAV",0,0.536915338164397,0.597,0.377,0
"TFPI",0,-1.05805915811593,0.109,0.512,0
"COL3A1",0,1.82586590617612,0.999,0.958,0
"COL5A2",0,2.01056322015847,0.962,0.702,0
"SPATS2L",0,0.767646166780491,0.74,0.486,0
"AOX1",0,-0.607396762946708,0.032,0.264,0
"CLK1",0,-0.467337113754874,0.329,0.469,0
"CFLAR",0,-0.456224650080852,0.217,0.336,0
"NRP2",0,1.06370676760083,0.573,0.15,0
"FN1",0,2.88181756328249,0.956,0.673,0
"IGFBP5",0,-1.41590749802046,0.6,0.762,0
"ARPC2",0,0.557991368255814,0.757,0.649,0
"CHPF",0,0.889313264907469,0.613,0.283,0
"PID1",0,-0.618802390835316,0.073,0.301,0
"PTMA",0,-0.511204535689945,0.932,0.971,0
"EIF4E2",0,0.474240966945466,0.528,0.279,0
"ARL4C",0,1.06850274059026,0.625,0.241,0
"COL6A3",0,1.04428518643875,0.961,0.873,0
"LRRFIP1",0,0.277997019159154,0.477,0.288,0
"TWIST2",0,-0.461436566519396,0.383,0.527,0
"SNED1",0,-0.806444593947776,0.098,0.382,0
"HDLBP",0,0.720231096761007,0.757,0.595,0
"LRRN1",0,0.673320569640049,0.302,0.038,0
"SEC13",0,0.42106632542987,0.535,0.291,0
"RPL32",0,-0.441393490649759,0.971,0.989,0
"FBLN2",0,-1.04543253751351,0.667,0.821,0
"CSRNP1",0,-0.695505566285983,0.232,0.441,0
"EIF1B",0,-0.609971874961749,0.489,0.585,0
"RPL14",0,-0.356983873835145,0.923,0.965,0
"CTNNB1",0,0.502708928276129,0.588,0.393,0
"CLEC3B",0,-1.17461744481417,0.016,0.349,0
"SMARCC1",0,0.257762262098595,0.357,0.148,0
"RPL29",0,-0.339015203438943,0.924,0.966,0
"TWF2",0,0.251545295751484,0.447,0.259,0
"NT5DC2",0,0.922335067168461,0.522,0.117,0
"GLT8D1",0,0.350886658768446,0.556,0.35,0
"SELENOK",0,-0.463372312925181,0.571,0.624,0
"ARF4",0,0.552145626910816,0.769,0.681,0
"ARL6IP5",0,-0.578434449866276,0.67,0.781,0
"MITF",0,-0.451623175582322,0.132,0.295,0
"FOXP1",0,0.801386229356762,0.623,0.298,0
"GXYLT2",0,0.95458966232967,0.652,0.311,0
"PROS1",0,-0.779149667672814,0.182,0.443,0
"DCBLD2",0,0.259676680631696,0.32,0.135,0
"COL8A1",0,1.38444646498643,0.577,0.071,0
"TMEM45A",0,0.718207622357908,0.624,0.337,0
"ABI3BP",0,-0.949158125655031,0.472,0.63,0
"RPL24",0,-0.302730069368144,0.944,0.975,0
"NFKBIZ",0,-0.371948946793017,0.395,0.527,0
"CD47",0,-0.546122161201124,0.461,0.572,0
"CCDC80",0,-0.810011547844155,0.944,0.989,0
"ZBTB20",0,-0.892423099539193,0.562,0.747,0
"COX17",0,0.28156836157483,0.465,0.278,0
"PDIA5",0,0.257353141950179,0.388,0.183,0
"ITGB5",0,0.55178853710649,0.646,0.411,0
"SEC61A1",0,0.463666371494708,0.579,0.349,0
"CNBP",0,-0.54514621894757,0.538,0.638,0
"MRPL3",0,0.257136377808891,0.449,0.263,0
"SRPRB",0,0.439418202409479,0.479,0.217,0
"COPB2",0,0.311317279180882,0.5,0.303,0
"RNF7",0,0.433413892214437,0.635,0.473,0
"PLOD2",0,0.996357261549662,0.51,0.108,0
"PLSCR4",0,-0.650167234839644,0.191,0.408,0
"PLSCR1",0,-0.446761121926001,0.203,0.321,0
"AGTR1",0,-0.451406352970912,0.112,0.268,0
"CP",0,-0.859974162787947,0.017,0.27,0
"PFN2",0,0.441383998405754,0.42,0.161,0
"SSR3",0,0.942400591312846,0.746,0.499,0
"TIPARP",0,-0.636709503190329,0.153,0.347,0
"CCNL1",0,-1.180044477386,0.402,0.661,0
"SHOX2",0,0.271776411676227,0.408,0.205,0
"FNDC3B",0,0.344539950927731,0.597,0.429,0
"ZMAT3",0,0.299004052799952,0.369,0.16,0
"GNB4",0,0.336291506713215,0.443,0.213,0
"AP2M1",0,0.424142501020187,0.644,0.521,0
"EPHB3",0,0.336859224236499,0.345,0.111,0
"EIF4A2",0,-0.842394423817648,0.466,0.639,0
"HES1",0,-1.45414811573842,0.382,0.656,0
"LRRC15",0,1.15197957749729,0.624,0.195,0
"APOD",0,-4.17619625720843,0.138,0.82,0
"DLG1",0,0.50454227227988,0.412,0.15,0
"RPL35A",0,-0.491711287465733,0.95,0.983,0
"SPON2",0,1.40689320835585,0.798,0.456,0
"C4orf48",0,0.581025316929352,0.433,0.177,0
"MXD4",0,0.313506803867749,0.552,0.363,0
"MSX1",0,-0.854455488723257,0.202,0.433,0
"WDR1",0,0.278701040976038,0.429,0.218,0
"SLIT2",0,-0.643240163143981,0.185,0.337,0
"SOD3",0,-2.34265147976905,0.185,0.789,0
"RBPJ",0,-0.492543508349017,0.455,0.533,0
"FAM114A1",0,0.560618965659562,0.687,0.496,0
"RPL9",0,-0.548010155018726,0.867,0.94,0
"UCHL1",0,0.343444787994005,0.342,0.136,0
"PDGFRA",0,-0.555432778100459,0.481,0.571,0
"IGFBP7",0,-1.39994636757694,0.84,0.844,0
"CXCL3",0,-1.86624508135052,0.102,0.379,0
"CXCL2",0,-2.20109223485095,0.178,0.539,0
"CCNG2",0,-0.403224070572282,0.228,0.34,0
"SEC31A",0,0.570346496417311,0.7,0.531,0
"SPARCL1",0,0.747042442123701,0.658,0.423,0
"ADH1B",0,-2.03763638008362,0.009,0.473,0
"NFKB1",0,-0.552999097512008,0.237,0.356,0
"BDH2",0,-0.47714213189601,0.302,0.426,0
"RPL34",0,-0.484532205174267,0.97,0.993,0
"OSTC",0,1.10781246021144,0.846,0.656,0
"ANK2",0,-0.636498164846042,0.265,0.458,0
"SNHG8",0,-1.11662203563369,0.501,0.726,0
"SEC24D",0,0.397522162463444,0.524,0.281,0
"USP53",0,-0.827314703490536,0.123,0.395,0
"ANXA5",0,0.338407948649755,0.886,0.862,0
"SPRY1",0,-1.3270694038683,0.1,0.482,0
"SMAD1",0,0.278063787480776,0.289,0.082,0
"SFRP2",0,0.979825002777518,0.972,0.836,0
"GUCY1A1",0,0.585671988576569,0.519,0.201,0
"GUCY1B1",0,0.294518268921111,0.337,0.119,0
"PALLD",0,1.07990626076293,0.718,0.471,0
"TENM3",0,0.573663139014438,0.349,0.031,0
"DAP",0,0.290965997706661,0.502,0.291,0
"BASP1",0,0.430054659567041,0.722,0.55,0
"ADAMTS12",0,0.395707272176418,0.396,0.139,0
"C1QTNF3",0,0.952451445843628,0.581,0.254,0
"RAI14",0,0.430691785039692,0.421,0.166,0
"LIFR",0,-0.621499125268864,0.064,0.256,0
"RPL37",0,-0.390305569116517,0.955,0.986,0
"SELENOP",0,-2.35228715394539,0.236,0.853,0
"GPX8",0,0.910339629548345,0.729,0.442,0
"IL6ST",0,-1.09234646338255,0.421,0.688,0
"GPBP1",0,-0.462967929196124,0.423,0.517,0
"ADAMTS6",0,0.657857391630845,0.267,0.011,0
"PIK3R1",0,-0.894369717285453,0.409,0.575,0
"BTF3",0,-0.485284449414189,0.769,0.859,0
"THBS4",0,0.979741911229306,0.263,0.1,0
"SERINC5",0,0.478734251833882,0.371,0.092,0
"RPS23",0,-0.345824736744706,0.977,0.991,0
"TMEM167A",0,0.557078071283615,0.673,0.447,0
"VCAN",0,0.425069055252904,0.848,0.788,0
"EDIL3",0,1.472222707635,0.63,0.12,0
"CHD1",0,-0.765160852494522,0.234,0.416,0
"MAN2A1",0,0.370828976271285,0.399,0.15,0
"NREP",0,1.30106293713795,0.709,0.237,0
"EPB41L4A-AS1",0,-0.654160722009903,0.264,0.431,0
"LOX",0,0.427355426663168,0.763,0.595,0
"PPIC",0,0.793207320651047,0.892,0.696,0
"PRRC1",0,0.372672044112935,0.44,0.18,0
"P4HA2",0,0.867317088682499,0.687,0.353,0
"IRF1",0,-1.48291349963623,0.299,0.612,0
"UQCRQ",0,0.423245095829147,0.75,0.625,0
"VDAC1",0,0.391352280743707,0.576,0.388,0
"CXCL14",0,-2.68655705425703,0.671,0.921,0
"TGFBI",0,1.83746915519573,0.641,0.241,0
"EGR1",0,-0.565071228291098,0.59,0.739,0
"TMEM173",0,-0.463532462517734,0.132,0.281,0
"SRA1",0,0.524835485557662,0.482,0.21,0
"NR3C1",0,-0.743220221431919,0.32,0.518,0
"YIPF5",0,0.318323244870947,0.492,0.283,0
"PDGFRB",0,-0.47417631235528,0.579,0.673,0
"GPX3",0,-1.15434494578012,0.025,0.264,0
"SPARC",0,1.51361062533269,0.996,0.93,0
"ATOX1",0,0.967757000908986,0.775,0.512,0
"GALNT10",0,0.356155621789671,0.335,0.082,0
"SGCD",0,0.403543469981136,0.468,0.224,0
"EBF1",0,-0.788726370149617,0.26,0.484,0
"SLIT3",0,-0.982300091624484,0.509,0.65,0
"SH3PXD2B",0,0.457681449573992,0.483,0.211,0
"DUSP1",0,-0.596264896130541,0.754,0.855,0
"RPL26L1",0,0.315055567842903,0.435,0.222,0
"CREBRF",0,-0.476160140226507,0.229,0.371,0
"PDLIM7",0,0.924323806615281,0.551,0.168,0
"TMED9",0,0.569560946974513,0.666,0.476,0
"ADAMTS2",0,0.798827571349211,0.655,0.331,0
"SQSTM1",0,-0.560616609440936,0.655,0.743,0
"RACK1",0,-0.619290382845329,0.843,0.924,0
"PXDC1",0,-0.627503366223749,0.385,0.512,0
"SSR1",0,0.386462326570142,0.594,0.399,0
"TXNDC5",0,0.471105104601761,0.39,0.133,0
"MYLIP",0,-0.760954046026485,0.228,0.44,0
"ATXN1",0,0.276931513661483,0.457,0.254,0
"CASC15",0,0.315595999148313,0.255,0.034,0
"HLA-A",0,-0.802489614915573,0.724,0.867,0
"HLA-E",0,-1.01770344919605,0.557,0.728,0
"PPP1R10",0,-0.720541752919831,0.23,0.423,0
"IER3",0,-1.71666248383989,0.581,0.733,0
"HLA-C",0,-0.77900680856406,0.707,0.829,0
"HLA-B",0,-0.849118822989575,0.667,0.807,0
"DDAH2",0,-0.771059063538168,0.483,0.641,0
"HSPA1A",0,-1.00103936786536,0.775,0.845,0
"HSPA1B",0,-0.97928821470218,0.611,0.718,0
"C6orf48",0,-0.863317636798664,0.1,0.405,0
"TNXB",0,-1.71416826258288,0.102,0.592,0
"BRD2",0,-0.86877497437052,0.432,0.578,0
"UQCC2",0,0.422190792387571,0.471,0.227,0
"RPS10",0,-0.462066134043222,0.711,0.805,0
"RPL10A",0,-0.584448321965897,0.819,0.916,0
"SRSF3",0,-0.555171776566989,0.613,0.691,0
"CDKN1A",0,-1.27773934380844,0.279,0.567,0
"PI16",0,-2.21451155007261,0.046,0.497,0
"MDFI",0,0.352057868663376,0.322,0.078,0
"PTK7",0,0.733507637132447,0.553,0.217,0
"VEGFA",0,-0.58157621126983,0.273,0.409,0
"MRPL14",0,0.410599562325637,0.52,0.291,0
"SLC29A1",0,-0.516219248343065,0.061,0.266,0
"HSP90AB1",0,-0.970697593381214,0.839,0.895,0
"RUNX2",0,0.713600197506957,0.407,0.065,0
"BEND6",0,0.295326767872124,0.292,0.103,0
"EEF1A1",0,-0.480882526482561,0.989,0.998,0
"COL12A1",0,2.13592021524676,0.852,0.455,0
"COX7A2",0,0.563022443182786,0.775,0.671,0
"BCKDHB",0,0.544392859359926,0.295,0.109,0
"IBTK",0,0.320235036443957,0.408,0.175,0
"PGM3",0,0.395545884997899,0.47,0.226,0
"RARS2",0,0.255596682884068,0.396,0.204,0
"PNRC1",0,-1.6378581602626,0.621,0.848,0
"AMD1",0,-0.9104852983071,0.275,0.51,0
"GTF3C6",0,0.350227617084467,0.506,0.296,0
"REV3L",0,-0.932149905197045,0.368,0.566,0
"FAM229B",0,0.412118065013761,0.467,0.232,0
"LAMA4",0,-0.519468277213861,0.538,0.604,0
"MARCKS",0,1.23860338248819,0.923,0.787,0
"COL10A1",0,0.515157805903188,0.305,0.043,0
"GOPC",0,0.407681939958378,0.539,0.343,0
"GJA1",0,1.11161864955826,0.705,0.479,0
"NCOA7",0,-0.612226633980782,0.238,0.408,0
"IFNGR1",0,-0.468354651233265,0.325,0.433,0
"TNFAIP3",0,-0.954598271027222,0.223,0.397,0
"ABRACL",0,0.443921716765162,0.397,0.134,0
"SASH1",0,-0.588473371114196,0.298,0.427,0
"AKAP12",0,-0.545004959831365,0.338,0.456,0
"DYNLT1",0,0.626094347075465,0.615,0.361,0
"FNDC1",0,0.627007185307901,0.504,0.125,0
"SOD2",0,-2.05563247390989,0.433,0.737,0
"WTAP",0,-0.763990211368827,0.419,0.542,0
"SMOC2",0,-0.678283848133101,0.333,0.438,0
"LINC02544",0,0.520098047461198,0.3,0.049,0
"THBS2",0,0.869661437010983,0.824,0.641,0
"C7orf50",0,0.51750447438143,0.506,0.239,0
"TTYH3",0,0.635309431051791,0.444,0.104,0
"ACTB",0,0.649450397914345,0.963,0.953,0
"FSCN1",0,0.443167266173482,0.572,0.354,0
"KDELR2",0,0.912674297241582,0.848,0.651,0
"NDUFA4",0,0.472745622413983,0.845,0.794,0
"TSPAN13",0,0.882606728072207,0.511,0.127,0
"TWIST1",0,-0.876974841633918,0.541,0.654,0
"IL6",0,-1.4678558514371,0.035,0.286,0
"GPNMB",0,-0.799823168832524,0.599,0.752,0
"HNRNPA2B1",0,-0.47086966008733,0.781,0.832,0
"FKBP14",0,0.611323231766131,0.596,0.324,0
"GARS",0,0.381623607508969,0.4,0.208,0
"SFRP4",0,1.64248077192534,0.611,0.19,0
"RALA",0,0.414203625653268,0.583,0.405,0
"INHBA",0,0.81314130342075,0.462,0.129,0
"MRPS24",0,0.382019765259835,0.373,0.143,0
"AEBP1",0,0.893757600060547,0.913,0.794,0
"YKT6",0,0.289549627204212,0.344,0.12,0
"SEC61G",0,1.02263212849402,0.874,0.719,0
"EGFR",0,-0.537288716295685,0.251,0.384,0
"VOPP1",0,0.284131531530873,0.352,0.123,0
"SBDS",0,-0.531222966714747,0.534,0.636,0
"HSPB1",0,-1.18864873575028,0.689,0.834,0
"FGL2",0,-1.82563304274489,0.082,0.643,0
"PHTF2",0,0.303239096524489,0.337,0.116,0
"FZD1",0,0.490865560905545,0.463,0.175,0
"COL1A2",0,1.77000026915127,0.999,0.987,0
"PDK4",0,-1.05278240257101,0.015,0.291,0
"BRI3",0,0.406410456678896,0.759,0.659,0
"NPTX2",0,0.459443447688025,0.261,0.025,0
"ARPC1B",0,0.353011300147689,0.597,0.432,0
"PCOLCE",0,0.395626520736015,0.939,0.883,0
"LRRC17",0,0.812918960227528,0.493,0.193,0
"SYPL1",0,-0.452184709431522,0.335,0.435,0
"NAMPT",0,-1.63920494626266,0.249,0.582,0
"HBP1",0,-0.472316409616871,0.299,0.413,0
"LAMB1",0,0.308657617162445,0.558,0.35,0
"IFRD1",0,-0.801950762676077,0.288,0.512,0
"CAV1",0,-0.6290625588915,0.546,0.653,0
"IMPDH1",0,0.334957970376858,0.338,0.094,0
"CALU",0,0.889123337527013,0.804,0.623,0
"FLNC",0,0.292632542259674,0.309,0.09,0
"CALD1",0,1.01186500548565,0.939,0.889,0
"STMP1",0,0.429862830165501,0.614,0.414,0
"NDUFB2",0,0.4687789036057,0.747,0.643,0
"RARRES2",0,0.646706174646637,0.759,0.709,0
"TMEM176A",0,-0.468712649554755,0.43,0.544,0
"CHPF2",0,0.319712741395857,0.35,0.106,0
"INSIG1",0,-0.539389101696492,0.241,0.351,0
"CD99",0,0.393050644192986,0.925,0.909,0
"MXRA5",0,0.658965487973894,0.743,0.553,0
"PRDX4",0,1.23129470539334,0.876,0.624,0
"SRPX",0,-0.863750420865767,0.27,0.476,0
"DDX3X",0,-0.62693656114519,0.519,0.617,0
"RBM3",0,0.487374164336209,0.797,0.758,0
"MAGED1",0,0.650598444618295,0.618,0.325,0
"MAGED2",0,0.412730978818432,0.622,0.471,0
"RPS4X",0,-0.376276339540159,0.953,0.978,0
"COX7B",0,0.529997945584853,0.716,0.569,0
"ITM2A",0,-1.14639527841879,0.126,0.405,0
"SRPX2",0,0.363299975388241,0.368,0.137,0
"TSC22D3",0,-1.3458040410331,0.247,0.617,0
"CHRDL1",0,-0.89481852389426,0.032,0.308,0
"FHL1",0,-0.861393754744469,0.449,0.599,0
"LINC00632",0,0.433644718943919,0.402,0.158,0
"BGN",0,1.62560138882425,0.904,0.544,0
"SSR4",0,0.409369770602905,0.839,0.759,0
"NAA10",0,0.293530949335928,0.458,0.254,0
"FLNA",0,0.45098288474541,0.638,0.507,0
"RPL10",0,-0.292782243770047,0.988,0.995,0
"BMP1",0,0.78875720569118,0.6,0.271,0
"PDLIM2",0,0.420630858577343,0.733,0.637,0
"LOXL2",0,1.12172774764744,0.528,0.119,0
"CLU",0,-1.43156748177781,0.453,0.56,0
"SCARA5",0,-1.19136696110241,0.012,0.378,0
"NRG1",0,0.812662234781861,0.334,0.009,0
"ADGRA2",0,-0.560690801622084,0.309,0.439,0
"EIF4EBP1",0,0.387853791045964,0.463,0.212,0
"FGFR1",0,-0.487169208366212,0.585,0.678,0
"TACC1",0,-0.651121122723776,0.386,0.531,0
"CEBPD",0,-2.16388116105083,0.509,0.847,0
"RPS20",0,-0.464231423898879,0.84,0.904,0
"SDCBP",0,-0.536959638002005,0.614,0.685,0
"RAB2A",0,0.529245799176063,0.774,0.643,0
"SULF1",0,0.950194443471732,0.467,0.099,0
"RPL7",0,-0.629684393833134,0.846,0.913,0
"ZFHX4",0,0.293906253432436,0.419,0.2,0
"FABP5",0,1.15753916150686,0.535,0.189,0
"C8orf59",0,-0.304850557054684,0.222,0.434,0
"MMP16",0,0.367951087444739,0.335,0.09,0
"GEM",0,-1.26122813200947,0.506,0.617,0
"CPQ",0,-0.475642265448518,0.532,0.592,0
"OSR2",0,-0.998603331058999,0.26,0.52,0
"RNF19A",0,-0.524917164770404,0.304,0.413,0
"CTHRC1",0,1.57672815924023,0.974,0.628,0
"ENPP2",0,-0.669884884790412,0.128,0.328,0
"COL14A1",0,1.1384419035544,0.922,0.645,0
"HAS2",0,-1.22450564918098,0.127,0.382,0
"MYC",0,-1.63550301645249,0.239,0.539,0
"NDRG1",0,-0.569311844388509,0.313,0.443,0
"SCX",0,1.18783328317509,0.341,0.027,0
"SLC52A2",0,0.30836508595289,0.364,0.14,0
"GLIS3",0,0.353998590420755,0.317,0.097,0
"NFIB",0,-0.849195765709626,0.375,0.575,0
"PSIP1",0,-0.518422123386642,0.137,0.327,0
"BNC2",0,0.526640262433013,0.431,0.143,0
"PLIN2",0,-1.13179888175637,0.22,0.424,0
"RPS6",0,-0.468979238805167,0.92,0.964,0
"DNAJA1",0,-1.12504545928664,0.638,0.733,0
"IL11RA",0,-0.709350397479237,0.326,0.498,0
"CCL19",0,-3.05117897059727,0.028,0.252,0
"TPM2",0,1.7529552729974,0.803,0.406,0
"GLIPR2",0,0.287245658303318,0.403,0.213,0
"TOMM5",0,0.41858156963531,0.465,0.235,0
"KLF9",0,-0.805560447661995,0.397,0.582,0
"ZFAND5",0,-0.815965312742899,0.486,0.628,0
"ALDH1A1",0,-0.62282287332235,0.053,0.265,0
"NTRK2",0,-0.995713646607521,0.064,0.398,0
"GOLM1",0,1.22028960241168,0.683,0.289,0
"CTSL",0,-0.56192303519576,0.573,0.632,0
"GADD45G",0,-0.707152229084138,0.114,0.261,0
"NFIL3",0,-0.688618762847409,0.214,0.398,0
"ROR2",0,0.256549033981029,0.321,0.111,0
"CENPP",0,0.449426566800446,0.279,0.04,0
"OGN",0,1.22387952877914,0.759,0.463,0
"ASPN",0,3.3879738962929,0.932,0.276,0
"COL15A1",0,-0.93327525074572,0.159,0.428,0
"SEC61B",0,0.679474909301167,0.855,0.749,0
"SLC44A1",0,0.366378119568078,0.543,0.36,0
"KLF4",0,-1.54698409616779,0.347,0.72,0
"TXN",0,-0.61104200486127,0.773,0.827,0
"SVEP1",0,-0.996731653894363,0.078,0.357,0
"GNG10",0,0.283820097482066,0.355,0.135,0
"RGS3",0,0.768573810493278,0.495,0.172,0
"COL27A1",0,0.387395030844065,0.295,0.089,0
"ATP6V1G1",0,0.434501836224216,0.724,0.621,0
"TNC",0,1.62315236486403,0.597,0.138,0
"GSN",0,-2.8003391409153,0.686,0.89,0
"STOM",0,-0.82233165613251,0.267,0.506,0
"RPL35",0,-0.403097080002421,0.876,0.943,0
"ANGPTL2",0,0.546164615959747,0.662,0.501,0
"AK1",0,0.594091339989609,0.411,0.129,0
"C9orf16",0,0.691876069034041,0.711,0.521,0
"SWI5",0,0.337174343840795,0.455,0.25,0
"CERCAM",0,0.972357833140005,0.744,0.441,0
"PTGES",0,-0.502839524874016,0.127,0.309,0
"NCS1",0,0.319041417862158,0.313,0.092,0
"SURF4",0,0.478605371335604,0.613,0.401,0
"COL5A1",0,1.85745864479633,0.935,0.624,0
"SNHG7",0,-0.564323837298527,0.341,0.486,0
"PHPT1",0,0.696043705653838,0.822,0.694,0
"PTGDS",0,-2.84548179096394,0.259,0.64,0
"NPDC1",0,-0.380958058113624,0.12,0.272,0
"MAN1B1",0,0.276975439445476,0.418,0.209,0
"TUBB4B",0,-1.02016547271166,0.448,0.612,0
"MRPL41",0,0.421719708311757,0.586,0.396,0
"IFITM2",0,-0.709839149444943,0.629,0.776,0
"IFITM3",0,-0.377889849312723,0.878,0.922,0
"TSPAN4",0,-0.640540391212836,0.493,0.61,0
"CD81",0,-0.825615773724608,0.837,0.893,0
"DCHS1",0,0.255240654489598,0.332,0.116,0
"MRPL17",0,0.303925268253977,0.405,0.187,0
"OLFML1",0,-0.487827672810043,0.158,0.338,0
"ADM",0,-1.03456334717731,0.201,0.427,0
"DKK3",0,0.554213911406699,0.434,0.15,0
"MICAL2",0,0.488443054399935,0.298,0.026,0
"SPON1",0,0.729081860677491,0.606,0.272,0
"COPB1",0,0.330736118763322,0.515,0.312,0
"RPS13",0,-0.278459421978879,0.958,0.98,0
"LDHA",0,-0.470229192742492,0.721,0.781,0
"FIBIN",0,0.817013352347848,0.542,0.21,0
"LGR4",0,0.897764060330426,0.482,0.104,0
"RCN1",0,0.764580048885893,0.715,0.52,0
"CD59",0,-0.551408791128485,0.604,0.687,0
"CAT",0,-0.375189610504534,0.158,0.266,0
"CD44",0,-1.13691023675427,0.555,0.778,0
"C11orf96",0,-1.48425566529931,0.417,0.487,0
"CREB3L1",0,0.701445932322606,0.622,0.351,0
"MDK",0,2.02973069171435,0.88,0.508,0
"ARHGAP1",0,0.680734314465439,0.535,0.202,0
"SLC39A13",0,0.321104749047329,0.462,0.228,0
"FAM180B",0,-0.746259688810635,0.023,0.262,0
"SERPING1",0,-1.57018823940026,0.62,0.878,0
"AHNAK",0,-1.00154749803645,0.704,0.842,0
"EEF1G",0,0.72338735593887,0.437,0.205,0
"LRRN4CL",0,-0.714456086660201,0.039,0.328,0
"PPP1R14B",0,1.36253431103667,0.772,0.404,0
"PRDX5",0,0.55443861721793,0.759,0.664,0
"FAU",0,-0.395519982744338,0.937,0.969,0
"FIBP",0,0.363216883472653,0.496,0.291,0
"YIF1A",0,0.837808340825648,0.661,0.372,0
"CTSF",0,-0.521904308891674,0.371,0.476,0
"POLD4",0,0.312190921970307,0.355,0.13,0
"PPP1CA",0,0.290270689837183,0.448,0.241,0
"GSTP1",0,0.364932884472708,0.856,0.836,0
"NDUFS8",0,0.33629139216783,0.54,0.356,0
"C11orf24",0,0.423289518500997,0.437,0.155,0
"P4HA3",0,0.633951982935031,0.373,0.028,0
"SERPINH1",0,0.753296723308966,0.853,0.715,0
"LRRC32",0,0.289747624864194,0.425,0.223,0
"PCF11",0,-0.438502138465104,0.197,0.326,0
"SYTL2",0,0.304188332724495,0.359,0.158,0
"PRSS23",0,0.896876497996442,0.677,0.413,0
"SMCO4",0,0.4005735461496,0.373,0.112,0
"CEP126",0,-0.435938890118727,0.137,0.257,0
"CRYAB",0,-1.66905298508071,0.288,0.575,0
"HSPB2",0,-0.417068380491692,0.112,0.265,0
"PTS",0,0.30476692344611,0.413,0.228,0
"CADM1",0,0.699500206387147,0.38,0.082,0
"TAGLN",0,2.3814517422148,0.684,0.19,0
"ARCN1",0,0.283422517659533,0.472,0.268,0
"RPS25",0,-0.640844194229835,0.872,0.947,0
"H2AFX",0,-0.439990954491638,0.144,0.264,0
"THY1",0,0.593020417575824,0.861,0.741,0
"APLP2",0,-0.532869324738682,0.501,0.587,0
"AKR1C1",0,-0.698064444214295,0.19,0.359,0
"AKR1C2",0,-0.487467438484395,0.101,0.261,0
"AKR1C3",0,-0.465896183860068,0.276,0.392,0
"ITIH5",0,-1.37342462494767,0.102,0.516,0
"VIM",0,-0.388697589256559,0.993,0.997,0
"PLXDC2",0,0.714220948568266,0.625,0.345,0
"KIAA1217",0,0.6547433789681,0.456,0.126,0
"SVIL",0,-0.623755416033446,0.243,0.461,0
"JCAD",0,0.406755793698274,0.356,0.084,0
"MAP3K8",0,-0.606815079506213,0.173,0.369,0
"ITGB1",0,1.0804135670873,0.875,0.779,0
"CXCL12",0,-2.89689872981636,0.451,0.893,0
"ARID5B",0,-1.02671975782813,0.584,0.742,0
"NRBF2",0,0.288160276502966,0.434,0.238,0
"REEP3",0,0.257181136172086,0.488,0.3,0
"HNRNPH3",0,-0.51148775778932,0.457,0.52,0
"PPA1",0,-0.51506703646691,0.508,0.577,0
"VSIR",0,-0.519686753966987,0.04,0.257,0
"P4HA1",0,0.692146837250601,0.591,0.315,0
"PLAU",0,0.510738178417759,0.371,0.157,0
"VCL",0,0.398853754277427,0.52,0.31,0
"KCNMA1",0,0.675305978473634,0.275,0.018,0
"PLAC9",0,-1.22479832635263,0.755,0.924,0
"ADIRF",0,-2.09620731478197,0.346,0.788,0
"PAPSS2",0,0.437124432212741,0.406,0.121,0
"ACTA2",0,0.839043453501892,0.348,0.143,0
"ALDH18A1",0,0.346020310499839,0.36,0.099,0
"MARVELD1",0,0.311889099169834,0.509,0.286,0
"SH3PXD2A",0,0.413334177622175,0.616,0.414,0
"ADD3",0,-0.627305647444607,0.49,0.599,0
"GFRA1",0,-0.838135621690342,0.052,0.38,0
"BAG3",0,-0.565649981479174,0.362,0.462,0
"PLPP4",0,0.604097370091009,0.404,0.053,0
"HTRA1",0,1.85628420149754,0.951,0.758,0
"UROS",0,0.291154449710864,0.417,0.197,0
"ADAM12",0,2.30134035571091,0.75,0.087,0
"CCND2",0,0.310679184022995,0.384,0.22,0
"CD9",0,-1.47841749714241,0.275,0.622,0
"MRPL51",0,0.376760951790547,0.637,0.494,0
"GAPDH",0,0.460445540100231,0.893,0.878,0
"P3H3",0,0.563690612911083,0.575,0.28,0
"C1S",0,-1.15291250026133,0.753,0.913,0
"C1R",0,-1.27932706046872,0.775,0.928,0
"SLC2A3",0,-0.771816683999405,0.375,0.539,0
"MAGOHB",0,0.295491069385193,0.368,0.155,0
"YBX3",0,-0.736310004756175,0.661,0.782,0
"GPRC5A",0,-0.558837416704181,0.133,0.294,0
"EMP1",0,-0.901623373941123,0.578,0.733,0
"MGP",0,-1.00184618784909,0.895,0.97,0
"MGST1",0,-0.980524032934356,0.051,0.342,0
"GOLT1B",0,0.415110164797318,0.458,0.201,0
"BCAT1",0,0.38656341114516,0.263,0.022,0
"PPFIBP1",0,0.700127321814431,0.573,0.267,0
"CNTN1",0,0.475139708545126,0.451,0.25,0
"PRICKLE1",0,0.278914383487394,0.35,0.154,0
"SLC38A2",0,-0.723345037216468,0.55,0.665,0
"FKBP11",0,0.749474849063056,0.591,0.279,0
"TUBA1A",0,0.592690238125783,0.789,0.717,0
"TUBA1C",0,0.601757093196174,0.597,0.378,0
"METTL7A",0,-0.789606145169914,0.067,0.372,0
"ACVRL1",0,-0.4786891449067,0.154,0.319,0
"NR4A1",0,-1.26450365954809,0.347,0.675,0
"HNRNPA1",0,-0.688763768371939,0.657,0.759,0
"MYL6",0,0.525937730454436,0.945,0.928,0
"NACA",0,-0.290523218274432,0.93,0.964,0
"MSRB3",0,0.279613238336164,0.424,0.227,0
"RAP1B",0,0.462284731175637,0.687,0.546,0
"GLIPR1",0,0.377610172051451,0.37,0.153,0
"PHLDA1",0,-0.685403132375791,0.153,0.321,0
"CSRP2",0,1.32671278107727,0.637,0.268,0
"PAWR",0,0.267064459902854,0.336,0.148,0
"LUM",0,1.05185404974238,0.979,0.898,0
"DCN",0,-1.4537802722963,0.988,0.999,0
"BTG1",0,-1.53158018469228,0.446,0.73,0
"PLXNC1",0,0.316559389954485,0.314,0.073,0
"IKBIP",0,0.686182875398764,0.592,0.302,0
"GLT8D2",0,0.464213847098587,0.614,0.418,0
"ALDH1L2",0,0.423645665163234,0.405,0.131,0
"C12orf75",0,0.626891872780225,0.59,0.306,0
"CKAP4",0,1.06027412508636,0.724,0.43,0
"TMEM263",0,0.448913065742926,0.572,0.345,0
"ARPC3",0,0.563460023475671,0.757,0.639,0
"ALDH2",0,-0.414058924521902,0.111,0.261,0
"RPL6",0,-0.280318689035739,0.948,0.976,0
"WSB2",0,0.279288710745605,0.324,0.124,0
"PEBP1",0,-0.386963821746411,0.67,0.747,0
"MLEC",0,0.448314279267358,0.568,0.357,0
"CDK2AP1",0,0.438627394846277,0.476,0.285,0
"NCOR2",0,0.28956423404837,0.456,0.254,0
"UBC",0,-0.642419008674886,0.887,0.941,0
"GOLGA3",0,0.34257834877461,0.462,0.224,0
"SAP18",0,-0.534113531614875,0.688,0.749,0
"TNFRSF19",0,0.255617739012644,0.264,0.076,0
"RPL21",0,-0.530378173740749,0.898,0.955,0
"POMP",0,0.406166507714263,0.699,0.574,0
"MEDAG",0,-1.03827906727856,0.139,0.391,0
"DCLK1",0,-0.780797742065289,0.259,0.488,0
"POSTN",0,3.93098809468121,0.956,0.288,0
"LHFPL6",0,-0.895066456335431,0.484,0.696,0
"TSC22D1",0,-0.497819181886009,0.46,0.563,0
"TPT1",0,-0.379786520712015,0.968,0.991,0
"ITM2B",0,-0.435123461638125,0.886,0.928,0
"INTS6",0,-0.729426246496382,0.32,0.492,0
"LMO7",0,0.345697226302331,0.279,0.055,0
"KCTD12",0,-0.646595444793226,0.354,0.466,0
"MYCBP2",0,-0.687120473925288,0.324,0.472,0
"GPC6",0,0.442074029062309,0.309,0.05,0
"FARP1",0,0.412339853865835,0.501,0.252,0
"COL4A1",0,-0.44491442873563,0.154,0.321,0
"COL4A2",0,-0.524953843335943,0.176,0.365,0
"F10",0,-1.23046862548156,0.088,0.493,0
"GAS6",0,-0.58506540810718,0.5,0.59,0
"MRPL52",0,0.277877820746473,0.473,0.277,0
"MMP14",0,1.05616081734832,0.724,0.489,0
"PSME1",0,-0.640601347333794,0.439,0.575,0
"NOVA1",0,-0.797597654709304,0.139,0.387,0
"SRP54",0,0.273504694159728,0.404,0.231,0
"PSMA6",0,0.268987311077778,0.357,0.138,0
"NFKBIA",0,-1.86196719308777,0.582,0.83,0
"SEC23A",0,0.491885654750399,0.562,0.303,0
"MIA2",0,0.274832362584856,0.3,0.109,0
"SAV1",0,-0.800851949266045,0.306,0.499,0
"RTRAF",0,0.419855233865867,0.646,0.496,0
"NID2",0,0.56230143834283,0.462,0.169,0
"LGALS3",0,-0.891281847426794,0.823,0.941,0
"ARMH4",0,0.291207457526475,0.307,0.088,0
"HIF1A",0,0.516573397922004,0.579,0.345,0
"FUT8",0,0.282267405208928,0.381,0.154,0
"ZFP36L1",0,-1.23328258245303,0.729,0.888,0
"ACTN1",0,0.859362771747122,0.609,0.294,0
"NPC2",0,-0.556530531956045,0.615,0.725,0
"LTBP2",0,0.30535374062558,0.314,0.123,0
"FOS",0,-0.78011493216009,0.785,0.891,0
"TGFB3",0,0.584419863170389,0.496,0.216,0
"FBLN5",0,-0.581743943220523,0.438,0.529,0
"LGMN",0,0.525078722011069,0.534,0.312,0
"DDX24",0,-0.448791730590813,0.541,0.609,0
"EVL",0,0.472486488853238,0.478,0.2,0
"HSP90AA1",0,-1.01071194439865,0.791,0.885,0
"TNFAIP2",0,-1.19097655016058,0.178,0.536,0
"EIF5",0,-0.453082599914381,0.604,0.66,0
"CKB",0,-1.07226887260252,0.072,0.43,0
"CRIP1",0,-0.800091905517432,0.333,0.524,0
"GREM1",0,0.300668204978853,0.377,0.205,0
"SERF2",0,0.632644991833962,0.972,0.957,0
"B2M",0,-0.53000332446995,0.988,0.996,0
"FBN1",0,0.288397908879501,0.789,0.713,0
"FGF7",0,-1.01565294816609,0.221,0.555,0
"TPM1",0,1.22432826691506,0.812,0.579,0
"RPS27L",0,0.42828477435832,0.773,0.693,0
"PPIB",0,1.18669709093579,0.961,0.866,0
"ITGA11",0,0.451376004107444,0.418,0.121,0
"LOXL1",0,0.481999975038724,0.522,0.289,0
"ISLR",0,0.753341981550288,0.669,0.521,0
"CTSH",0,-0.472312185992889,0.275,0.426,0
"TMED3",0,0.444318954120156,0.639,0.447,0
"MFGE8",0,-0.78497388979896,0.467,0.592,0
"ANPEP",0,-0.471104290329868,0.223,0.351,0
"IDH2",0,0.55007136176848,0.443,0.129,0
"NR2F2",0,-0.543979164801059,0.236,0.372,0
"NME4",0,0.553519403814181,0.614,0.398,0
"METRN",0,0.901246778362695,0.498,0.168,0
"ELOB",0,0.482710942543759,0.842,0.78,0
"TNFRSF12A",0,1.17427970759755,0.649,0.275,0
"HCFC1R1",0,0.403320969571053,0.668,0.52,0
"IL32",0,-0.593039160110076,0.171,0.306,0
"VASN",0,-0.71297485862494,0.386,0.536,0
"ARL6IP1",0,-0.507537812785237,0.364,0.444,0
"RBBP6",0,-0.568032719640694,0.37,0.465,0
"NUPR1",0,-0.53272910475977,0.579,0.69,0
"VKORC1",0,0.771507035891528,0.798,0.645,0
"TGFB1I1",0,0.397597572168772,0.527,0.33,0
"MT2A",0,-2.82251650962983,0.489,0.844,0
"MT1E",0,-0.777318845318495,0.479,0.572,0
"MT1M",0,-1.84081770567138,0.116,0.515,0
"MT1A",0,-1.18282811754222,0.028,0.27,0
"CDH11",0,0.870117973642094,0.695,0.435,0
"CKLF",0,0.330440383463578,0.458,0.253,0
"CMTM3",0,0.289312305519915,0.501,0.315,0
"RRAD",0,-0.851442868255929,0.114,0.252,0
"TMEM208",0,0.809423754933741,0.628,0.336,0
"TPPP3",0,-1.07338143320942,0.126,0.386,0
"CMIP",0,0.44384598836967,0.403,0.123,0
"COTL1",0,0.292644302303468,0.36,0.162,0
"MAP1LC3B",0,-0.598848872959707,0.554,0.623,0
"ZNF469",0,0.701277131764112,0.423,0.047,0
"RPL13",0,-0.460541935671642,0.982,0.993,0
"TUBB3",0,0.407026302511603,0.287,0.066,0
"NXN",0,0.480698074217838,0.415,0.13,0
"MIR22HG",0,-0.735600319724576,0.283,0.445,0
"SERPINF1",0,-1.04396870457864,0.754,0.885,0
"TXNDC17",0,0.398894918152343,0.527,0.307,0
"RNASEK",0,0.493894903703474,0.458,0.273,0
"C17orf49",0,0.260889138039929,0.317,0.108,0
"GABARAP",0,0.85815307667071,0.51,0.375,0
"KDM6B",0,-0.77181078333699,0.189,0.39,0
"CHD3",0,0.317872923347987,0.468,0.257,0
"TRAPPC1",0,0.304290499504195,0.492,0.288,0
"PER1",0,-0.438239810239006,0.131,0.294,0
"RPL26",0,-0.608854706870706,0.895,0.968,0
"PMP22",0,-0.878733909904614,0.601,0.793,0
"RASD1",0,-1.46830006098949,0.106,0.5,0
"WSB1",0,-0.571715413931198,0.557,0.671,0
"IFT20",0,0.505048589213982,0.565,0.314,0
"RPL23A",0,-0.448954191976446,0.895,0.943,0
"CCL2",0,-2.37668205416858,0.105,0.453,0
"RPL23",0,-0.454824814258604,0.842,0.909,0
"IGFBP4",0,-0.622804524516946,0.759,0.797,0
"EIF1",0,-0.780922572253675,0.92,0.967,0
"P3H4",0,0.61722114511036,0.512,0.178,0
"FKBP10",0,0.843582840560613,0.757,0.533,0
"STAT3",0,-0.600387788537246,0.492,0.593,0
"HEXIM1",0,-0.660075486186518,0.25,0.4,0
"COPZ2",0,1.03780827087447,0.795,0.548,0
"SNF8",0,0.353208020038223,0.531,0.342,0
"COL1A1",0,1.7588923823632,1,0.981,0
"MRPL27",0,0.280823720147444,0.484,0.293,0
"LRRC59",0,0.478649399314074,0.532,0.283,0
"TOB1",0,-0.542692423890257,0.263,0.406,0
"NME1",0,0.445340592276165,0.543,0.316,0
"NME2",0,1.47570209751519,0.49,0.231,0
"SCPEP1",0,-0.714350543328444,0.258,0.474,0
"YPEL2",0,-0.409252006852375,0.15,0.286,0
"CLTC",0,0.314982526993199,0.542,0.345,0
"MRC2",0,0.430487352463241,0.76,0.597,0
"TANC2",0,0.504289701983796,0.359,0.066,0
"DDX5",0,-0.779580823208458,0.812,0.886,0
"KPNA2",0,-0.691626329745483,0.159,0.347,0
"ABCA8",0,-1.50426789440579,0.037,0.497,0
"ABCA6",0,-0.81899491009277,0.052,0.341,0
"CDC42EP4",0,-0.577409954726378,0.036,0.281,0
"RPL38",0,-0.510566423289438,0.802,0.903,0
"JPT1",0,0.555722427474511,0.468,0.197,0
"H3F3B",0,-0.656661338540067,0.819,0.874,0
"SPHK1",0,0.507573705272742,0.376,0.101,0
"CYGB",0,-0.773673989343527,0.084,0.32,0
"SRSF2",0,-0.458075747573935,0.532,0.6,0
"SOCS3",0,-1.83047961623074,0.345,0.639,0
"LGALS3BP",0,-0.597704044354042,0.36,0.507,0
"EIF4A3",0,-1.3008504556296,0.37,0.55,0
"P4HB",0,0.828123038223973,0.824,0.659,0
"ANAPC11",0,0.436543774628984,0.679,0.53,0
"PYCR1",0,0.695310838085868,0.546,0.197,0
"RAC3",0,0.466858029568319,0.287,0.025,0
"SLC16A3",0,0.460893988288168,0.34,0.046,0
"MYL12A",0,0.463591774944792,0.766,0.702,0
"ARHGAP28",0,0.48958550083021,0.37,0.07,0
"ANKRD12",0,-0.475961772927453,0.517,0.587,0
"RAB31",0,0.687142819818551,0.575,0.296,0
"APCDD1",0,-0.83138082979812,0.17,0.312,0
"PIEZO2",0,0.596765985409727,0.421,0.113,0
"GALNT1",0,0.678398452327432,0.521,0.207,0
"SLC39A6",0,0.299220280152342,0.41,0.184,0
"IER3IP1",0,0.452526766337295,0.545,0.323,0
"C18orf32",0,0.289356367521812,0.404,0.194,0
"LMAN1",0,0.893590033831899,0.784,0.581,0
"DSEL",0,0.318827930624112,0.483,0.298,0
"CYB5A",0,-0.414503126372289,0.483,0.595,0
"TXNL4A",0,0.682601788677845,0.613,0.334,0
"CPXM1",0,0.496600912421643,0.68,0.432,0
"PRNP",0,-0.85630652018211,0.439,0.639,0
"LAMP5",0,0.793994103673077,0.316,0.037,0
"RRBP1",0,0.952198329039179,0.845,0.665,0
"RIN2",0,0.300914330555766,0.385,0.197,0
"CST3",0,-1.66980351931401,0.92,0.988,0
"RBM39",0,-0.447784022650837,0.629,0.701,0
"MYL9",0,0.670859690214765,0.693,0.56,0
"SAMHD1",0,-0.620179715778965,0.128,0.338,0
"OSER1",0,-0.386181151680576,0.171,0.282,0
"WISP2",0,-1.2883806658303,0.238,0.518,0
"CTSA",0,0.45947948766711,0.589,0.368,0
"SULF2",0,1.17552530506993,0.642,0.193,0
"ZFAS1",0,-0.872623769023527,0.631,0.768,0
"SNAI1",0,-0.588146989079206,0.12,0.27,0
"UBE2V1",0,0.251875603577191,0.379,0.173,0
"CEBPB",0,-1.43815275388541,0.566,0.798,0
"PMEPA1",0,0.71729876893988,0.625,0.371,0
"GNAS",0,0.52201525658508,0.897,0.829,0
"ATP5F1E",0,0.538475412540631,0.915,0.882,0
"PSMA7",0,0.500837880488055,0.787,0.699,0
"ARFGAP1",0,0.392093119717805,0.37,0.117,0
"PPDPF",0,0.586833180372146,0.763,0.65,0
"CFD",0,-4.65849779705897,0.433,0.963,0
"CNN2",0,0.379724857961076,0.537,0.325,0
"GPX4",0,-0.346649938383293,0.787,0.847,0
"MIDN",0,-0.672815899520736,0.376,0.481,0
"CIRBP",0,-0.327983969045111,0.756,0.817,0
"RPS15",0,-0.451477828178628,0.957,0.982,0
"UQCR11",0,0.619658813291641,0.726,0.586,0
"OAZ1",0,-0.367617484079539,0.795,0.857,0
"LSM7",0,0.575040919637492,0.716,0.541,0
"GADD45B",0,-1.63722197010643,0.649,0.8,0
"AES",0,-0.446102338069661,0.202,0.434,0
"DAPK3",0,0.293284360365818,0.353,0.133,0
"MYDGF",0,0.603672667546852,0.749,0.598,0
"C3",0,-2.80962368096876,0.082,0.664,0
"TRIP10",0,-0.618416495141029,0.173,0.39,0
"TRAPPC5",0,0.328769099725346,0.32,0.101,0
"COL5A3",0,0.608017843193416,0.414,0.215,0
"ICAM1",0,-1.24196021407375,0.131,0.46,0
"JUNB",0,-1.94926797389884,0.72,0.912,0
"NFIX",0,-0.581253366939869,0.48,0.61,0
"IER2",0,-0.834450555489297,0.618,0.794,0
"C19orf53",0,0.386257894881996,0.677,0.569,0
"DNAJB1",0,-1.35422962232987,0.581,0.753,0
"TPM4",0,0.987121299101287,0.865,0.673,0
"KLF2",0,-0.732316205960949,0.291,0.497,0
"COMP",0,2.04513525822622,0.724,0.205,0
"HOMER3",0,0.376995552439729,0.422,0.173,0
"NDUFA13",0,0.43183464933029,0.64,0.601,0
"CILP2",0,0.795549890426735,0.295,0.037,0
"URI1",0,0.27202698260949,0.456,0.269,0
"FXYD1",0,-0.995472782551026,0.331,0.687,0
"ACTN4",0,0.472486505766768,0.558,0.326,0
"ZFP36",0,-1.7550050759796,0.583,0.878,0
"RPS16",0,-0.529249374247919,0.844,0.924,0
"SERTAD1",0,-0.661989648914046,0.394,0.531,0
"LTBP4",0,-1.18633250222161,0.274,0.546,0
"TGFB1",0,0.403073031027691,0.407,0.188,0
"RABAC1",0,0.74048692122882,0.856,0.756,0
"BCL3",0,-0.49493135277171,0.143,0.3,0
"APOE",0,-2.15840920765229,0.363,0.692,0
"FOSB",0,-0.770981262555261,0.605,0.788,0
"AP2S1",0,0.497103848674321,0.662,0.495,0
"EHD2",0,0.259431414801873,0.487,0.284,0
"NOP53",0,-1.10896232405733,0.46,0.695,0
"RPL18",0,-0.25483043030288,0.95,0.971,0
"PLEKHA4",0,-0.449841233163421,0.137,0.272,0
"PPP1R15A",0,-1.04115738203075,0.585,0.785,0
"BAX",0,0.471104878095717,0.509,0.258,0
"FTL",0,0.499903948759515,0.993,0.993,0
"RPL13A",0,-0.614575145235444,0.907,0.961,0
"FCGRT",0,-0.983139399880382,0.592,0.765,0
"RCN3",0,0.747729410945172,0.763,0.559,0
"CLEC11A",0,0.817634662110345,0.779,0.6,0
"ZNF331",0,-0.811862335856287,0.133,0.324,0
"MYADM",0,-0.665658297664323,0.494,0.612,0
"RPS9",0,-0.72175540395574,0.864,0.952,0
"ISOC2",0,0.580526475767198,0.566,0.297,0
"SSC5D",0,0.691024573853259,0.554,0.239,0
"A1BG",0,0.628998971071056,0.552,0.276,0
"RPS5",0,-0.40982705237888,0.893,0.938,0
"SCARF2",0,0.325765570630222,0.305,0.068,0
"MMP11",0,1.25037478818522,0.36,0.081,0
"MIF",0,0.889464485575049,0.629,0.508,0
"GGT5",0,-0.929067680478761,0.258,0.449,0
"UQCR10",0,0.672173903359493,0.758,0.558,0
"TIMP3",0,-1.13988163836258,0.394,0.683,0
"MYH9",0,0.708916704169762,0.563,0.273,0
"C1QTNF6",0,0.874438840069177,0.601,0.216,0
"LGALS1",0,1.29992780429565,0.985,0.969,0
"MAFF",0,-0.947724658811578,0.167,0.461,0
"KDELR3",0,0.849831049361022,0.67,0.342,0
"RPL3",0,-0.647488754057535,0.865,0.95,0
"ST13",0,-0.428709226964902,0.597,0.653,0
"TOB2",0,-0.416636147743031,0.219,0.336,0
"SMDT1",0,-0.397404251111966,0.393,0.479,0
"NDUFA6",0,0.446447727692141,0.609,0.417,0
"A4GALT",0,-0.387033332568061,0.192,0.322,0
"ARFGAP3",0,0.280779435783247,0.498,0.312,0
"FBLN1",0,-1.05260671164978,0.86,0.909,0
"PIM3",0,-0.542958917013194,0.185,0.347,0
"SOD1",0,-0.52386097258113,0.635,0.737,0
"MRPS6",0,0.957115653917702,0.573,0.281,0
"SLC5A3",0,0.651135820813738,0.419,0.163,0
"RCAN1",0,0.396023878373233,0.344,0.165,0
"TTC3",0,0.85381422845906,0.81,0.631,0
"PDXK",0,0.379158703226082,0.449,0.221,0
"COL6A1",0,1.25313237235688,0.993,0.965,0
"COL6A2",0,0.738937049009807,0.975,0.971,0
"MT-ND1",0,-0.84064953806752,0.848,0.941,0
"MT-ND2",0,-0.894615897197824,0.849,0.935,0
"MT-ATP6",0,-0.321541482401253,0.938,0.977,0
"MT-ND3",0,-0.507335867061768,0.826,0.956,0
"MT-ND4L",0,-0.642058400372859,0.617,0.731,0
"MT-CYB",0,-0.292544793906178,0.949,0.979,0
"ATP6V0C",0,0.482872973052088,0.391,0.128,0
"MICOS10",0,0.71624275201499,0.404,0.129,0
"CZIB",0,0.270089981175805,0.317,0.09,0
"LINC02802",0,0.320318514997061,0.311,0.072,0
"SEPTIN2",0,0.537684305004009,0.403,0.131,0
"SEPTIN11",0,1.49154132124645,0.429,0.114,0
"GASK1B",0,0.367707547759571,0.335,0.087,0
"TOMM6",0,0.306826578012373,0.354,0.114,0
"SNHG5",0,0.419351324594616,0.379,0.136,0
"CCN2",0,1.18944319372302,0.347,0.099,0
"SEPTIN7",0,0.545748427411372,0.413,0.147,0
"RBIS",0,0.286059632949376,0.357,0.122,0
"CCN4",0,0.455434695152167,0.291,0.019,0
"AOPEP",0,0.293253089186309,0.29,0.061,0
"CIAO2B",0,0.339328548970607,0.343,0.104,0
"SNHG29",0,0.54102069843552,0.416,0.153,0
"TLE5",0,0.36208982826237,0.366,0.116,0
"MICOS13",0,0.577864636006224,0.383,0.106,0
"CCN5",0,0.718514615409518,0.292,0.106,0
"PFDN5",3.73595994898888e-307,-0.284159239096077,0.845,0.909,1.44107183112348e-302
"EMID1",6.14691512877009e-306,0.36680821473206,0.332,0.183,2.37104957262049e-301
"TNFSF10",3.33480539769222e-305,-0.420958891979842,0.255,0.375,1.28633448605182e-300
"MIR99AHG",2.64256594422943e-304,0.376791550374035,0.494,0.317,1.01931696166762e-299
"SFPQ",1.01729764858316e-303,-0.42363547736856,0.574,0.624,3.92402221987983e-299
"EIF3E",1.15767418705613e-302,-0.39549444563274,0.577,0.649,4.4654966417316e-298
"DPP7",5.49613110805975e-302,-0.429942001911744,0.365,0.459,2.12002265231189e-297
"ACBD3",6.88476775200189e-302,0.324863005396371,0.51,0.335,2.65566146497969e-297
"ARPC4",7.33273547416167e-302,0.254572730982195,0.503,0.324,2.82845605444838e-297
"NABP1",8.24558885045030e-301,-0.441909266783061,0.151,0.26,3.18057098728419e-296
"EMP2",1.34762769504768e-298,-0.384659320844849,0.337,0.445,5.19820430810741e-294
"KITLG",2.36857820706527e-297,-0.445442144972603,0.221,0.327,9.13631671811288e-293
"HSPD1",5.11880170467128e-297,-0.823067733512991,0.505,0.558,1.97447538154285e-292
"CALR",7.27630577108671e-297,0.323387199523048,0.776,0.726,2.80668942508128e-292
"COX5A",1.23265118300798e-296,0.337156373423691,0.548,0.374,4.7547054082167e-292
"SH3GLB1",4.25611563272433e-295,0.355734237903097,0.657,0.501,1.64171148301075e-290
"GABARAPL1",3.63506068174884e-293,-0.43255477453339,0.252,0.352,1.40215195677098e-288
"KDELR1",1.37642391104214e-292,0.353660287527411,0.693,0.632,5.30927995206283e-288
"DPYSL2",3.23613935655341e-292,-0.494184981229711,0.46,0.527,1.24827603400335e-287
"LIMS1",9.06250346776682e-292,0.340576900558706,0.57,0.425,3.4956794626217e-287
"GLA",9.61483616306635e-292,-0.453493192960442,0.175,0.277,3.70873075317958e-287
"BCL6",5.02243282161558e-291,-0.387219531329194,0.201,0.311,1.93730301228178e-286
"PLTP",1.57107700606524e-290,-0.615347711144333,0.515,0.573,6.06011533549545e-286
"DYNC1LI2",9.01462467967362e-290,0.267720207367385,0.509,0.329,3.47721117769051e-285
"NANS",1.16447014460792e-289,0.259439873879603,0.443,0.268,4.49171068879613e-285
"RPN2",1.96691034462802e-289,0.323819896161047,0.602,0.449,7.58696327233366e-285
"JUND",8.09393820460382e-289,-0.470816456805742,0.891,0.89,3.12207478366183e-284
"LAGE3",4.1962961507769e-288,0.264253283457757,0.339,0.183,1.61863731423918e-283
"LITAF",3.04910115448832e-287,-0.42249139796143,0.271,0.37,1.17612978832078e-282
"HERPUD1",5.11682268904643e-287,-0.41129109924927,0.55,0.601,1.97371201584588e-282
"JOSD2",7.55484480856356e-287,0.251989875871936,0.472,0.292,2.91413028800722e-282
"EPB41L2",3.53284217470764e-286,-0.481982131192419,0.445,0.514,1.36272321204998e-281
"LDB2",7.55004360503728e-285,-0.385849652028287,0.148,0.254,2.91227831977103e-280
"HSPH1",1.94826732155739e-284,-0.935949223275509,0.451,0.518,7.51505153944333e-280
"PALM",2.09559812550876e-284,-0.357804419511625,0.151,0.257,8.08335064952492e-280
"HSPA8",2.7955747725376e-284,-0.430923883648523,0.768,0.81,1.07833705701093e-279
"TGIF1",9.89047559443597e-283,-0.442365116632189,0.226,0.328,3.81505315104179e-278
"EPRS",2.29853627556366e-282,0.296457742413075,0.381,0.225,8.86614397573171e-278
"UGCG",1.11893203043694e-280,-0.511569926264804,0.251,0.35,4.31605652100442e-276
"RBMS3",2.93528074551755e-280,-0.433391897020218,0.291,0.386,1.13222584196849e-275
"PAM",2.15328543378901e-279,-0.555589121694807,0.52,0.57,8.30586790375435e-275
"CHCHD10",6.03344669625459e-279,-0.351491687542216,0.256,0.371,2.32728139414628e-274
"TMED2",2.05366846491135e-278,0.334223001371107,0.648,0.521,7.92161536970254e-274
"CAP1",4.0274887581727e-276,0.300807666786383,0.541,0.388,1.55352323868995e-271
"EIF3L",2.40208603682497e-275,-0.438987976399267,0.47,0.526,9.26556646984495e-271
"HNRNPH1",4.28563790177979e-275,-0.357784929920156,0.556,0.618,1.65309910785352e-270
"SRSF7",6.7910646085561e-275,-0.550365516630338,0.518,0.575,2.61951735145835e-270
"MAP4",1.20871015831171e-272,0.310711184411866,0.621,0.457,4.66235769365574e-268
"CREG1",4.04196078604357e-271,-0.353069142817657,0.275,0.374,1.55910553400059e-266
"FUS",4.07232326664125e-271,-0.396007395048192,0.643,0.691,1.57081725364153e-266
"PSMB5",5.92850027306043e-271,0.3536388828439,0.607,0.458,2.2868004103276e-266
"ECM1",4.10955855427218e-270,0.332469355064642,0.683,0.558,1.58518002113941e-265
"IFI16",6.58146639634241e-270,-0.451225406867392,0.614,0.669,2.53866903306116e-265
"MANF",1.67524191800115e-269,0.291987150832323,0.523,0.353,6.46191065030583e-265
"DESI2",3.37416955016534e-269,0.259144287969577,0.43,0.263,1.30151842058528e-264
"ABHD5",5.00695095339014e-269,-0.396587257993085,0.183,0.283,1.93133119125118e-264
"VGLL4",1.42279084540747e-266,0.262503897633096,0.501,0.332,5.48813112799022e-262
"CNPY2",5.03928850454045e-266,0.279074970574034,0.525,0.366,1.94380475485639e-261
"TMBIM6",5.38160445549391e-266,-0.302232253836124,0.693,0.746,2.07584628661767e-261
"OGFRL1",1.02746159424197e-265,-0.349481557796762,0.161,0.261,3.96322760746957e-261
"NORAD",3.33491810060311e-265,0.338371100608236,0.709,0.582,1.28637795894564e-260
"HNRNPDL",1.34230020702375e-264,-0.333333400038213,0.626,0.675,5.1776545885527e-260
"NDUFAB1",1.63713427576744e-264,0.376161799306123,0.601,0.443,6.31491804191775e-260
"GNAI1",2.35364264688595e-263,-0.347873528358533,0.182,0.28,9.07870578183319e-259
"HNRNPA0",4.83365443541087e-263,-0.416418809175129,0.547,0.592,1.86448552537104e-258
"TUBB6",5.25302887952572e-263,0.276535967241961,0.512,0.351,2.02625082969946e-258
"UBB",7.65412171466585e-262,-0.29463340965026,0.875,0.908,2.95242436899806e-257
"ISG15",2.58257926218643e-260,0.301788151950263,0.456,0.292,9.9617829880317e-256
"IER5L",6.44308968678566e-259,-0.751463657687924,0.303,0.393,2.48529298488383e-254
"COX7A2L",9.43548292104012e-259,0.351292620880971,0.602,0.459,3.6395488271328e-254
"COPE",1.43812193479909e-258,0.32692611275465,0.626,0.512,5.54726773910052e-254
"ZEB1",8.29846003118959e-258,0.295582737927284,0.478,0.313,3.20096498783076e-253
"HSPE1",1.45130794976002e-257,-0.633804207455966,0.643,0.673,5.59813015460931e-253
"SELENOM",1.59577779902156e-256,0.28872334925093,0.896,0.88,6.15539370416588e-252
"SLC39A7",1.53971417703592e-255,0.253825404616724,0.546,0.372,5.93913949508065e-251
"ARL1",1.09646279692046e-253,0.344990850406991,0.622,0.465,4.22938594656129e-249
"PRCP",1.10745560642213e-253,-0.427611523086219,0.29,0.371,4.27178851065208e-249
"PDLIM4",1.8694358779901e-253,0.266483816319053,0.466,0.3,7.2109750121712e-249
"ARRDC3",2.03025099559394e-253,-0.497878565930621,0.308,0.395,7.8312871653045e-249
"SRSF5",4.19555556610228e-253,-0.410987383924567,0.572,0.626,1.61835164851263e-248
"SERINC1",7.75033606249416e-253,-0.423960091856368,0.505,0.554,2.98953712938587e-248
"ARHGAP29",7.69121344210869e-252,-0.333898346752527,0.149,0.251,2.96673176102459e-247
"MAP2K3",8.72970347193065e-251,-0.378198757620677,0.205,0.3,3.36730852022781e-246
"ARHGDIA",2.47834040906921e-250,0.255689508753142,0.569,0.412,9.55970245990268e-246
"COX8A",2.46300869247116e-249,0.37467228874532,0.668,0.575,9.50056342946899e-245
"STK24",2.53872598425590e-248,-0.344955556532048,0.208,0.303,9.79262773907026e-244
"CCDC71L",6.85675112994924e-248,-0.561503654215997,0.245,0.335,2.64485461335532e-243
"CIB1",1.42443882562118e-245,0.339936041910068,0.578,0.428,5.49448788206859e-241
"PSMD7",1.66710746181986e-243,0.268191034321157,0.517,0.353,6.43053361247773e-239
"ZNHIT1",2.22035641995979e-243,0.322765920107146,0.646,0.541,8.56458081871091e-239
"COX6C",2.58412876200181e-243,-0.316472461556976,0.821,0.871,9.96775987366958e-239
"SELENOS",6.6905226727651e-243,0.324024721065299,0.654,0.517,2.58073531056568e-238
"ATP5MC3",7.66916727322613e-243,0.380565372591577,0.732,0.653,2.95822789230152e-238
"IER5",1.26105173745706e-242,-0.375336047498773,0.329,0.433,4.86425486689311e-238
"PLAUR",2.76627628954e-242,0.296330188963606,0.585,0.434,1.06703575316427e-237
"ARID4B",1.32042236732314e-241,-0.423250800289762,0.432,0.489,5.09326519747555e-237
"ACTG1",3.28102406857228e-241,0.265700128261821,0.908,0.917,1.26558941397039e-236
"PTGER3",6.79282160161248e-239,0.251476537981787,0.407,0.253,2.62019507638998e-234
"FIS1",4.97143060951067e-236,0.34150886135667,0.694,0.594,1.91762992900655e-231
"UBE2D3",5.39525850172543e-236,-0.328479163455372,0.57,0.612,2.08111306187055e-231
"RRAS",1.05478345881597e-234,-0.431521803161206,0.342,0.414,4.06861623569086e-230
"LINC02381",1.42613738743425e-234,-0.367656889446957,0.201,0.29,5.50103974455013e-230
"ARPC5",1.49838280492754e-234,0.335346820719015,0.635,0.511,5.779711993447e-230
"NNMT",1.90407950029253e-233,-0.416785485638448,0.8,0.843,7.34460585647838e-229
"LACTB",7.27831152537644e-232,-0.331706800032081,0.198,0.291,2.80746310468345e-227
"RPS2",1.77373644449037e-231,-0.334325109928344,0.917,0.952,6.84183358733269e-227
"TMEM59",1.33585397467246e-230,-0.258971164406334,0.734,0.782,5.15278953650409e-226
"RPL22L1",3.34907291188071e-229,0.458585998018243,0.649,0.52,1.29183789429975e-224
"ZBTB7A",5.24751137214828e-229,-0.411665941757538,0.337,0.407,2.02412256157876e-224
"ADAM33",9.98246685204611e-229,-0.358511848743994,0.187,0.282,3.85053693883975e-224
"DNAJC1",7.11555095792667e-228,0.272840388089194,0.461,0.305,2.74468147100106e-223
"RSRC2",7.55386201598363e-228,-0.375682515918418,0.504,0.553,2.91375119542537e-223
"UFM1",4.92887379442853e-226,0.29844141428661,0.553,0.389,1.90121448872492e-221
"MT1X",1.61694276467814e-225,-0.748345680638175,0.495,0.566,6.23703332619299e-221
"KRTCAP2",1.48491738429973e-224,0.313120297421175,0.647,0.575,5.72777182645936e-220
"PRELID1",4.66984874971252e-224,0.362034971076748,0.6,0.469,1.80130075822661e-219
"EMX2",3.47011767084985e-223,-0.455263461903968,0.217,0.302,1.33852848917691e-218
"GNAI2",5.9346398033262e-223,0.334617672147351,0.66,0.561,2.28916861133702e-218
"IFITM1",8.13200578703855e-223,-0.564861303209843,0.296,0.388,3.13675859223438e-218
"OSBPL1A",1.41803876767599e-222,-0.360116387981747,0.221,0.308,5.46980093855661e-218
"CLIC4",1.93459061528852e-221,0.25380578724569,0.545,0.386,7.46229638035239e-217
"TFDP2",3.97762300612842e-221,-0.393679143693585,0.24,0.324,1.53428852215392e-216
"TOMM7",7.38915880203798e-221,-0.251318843585523,0.8,0.864,2.85022022471011e-216
"EIF3F",9.89753557656812e-221,-0.347860662669771,0.557,0.608,3.81777639794962e-216
"RAB13",1.26343331412392e-220,0.258070608462455,0.612,0.475,4.8734413225702e-216
"KMT2E",2.86704445336401e-220,-0.431778025540281,0.431,0.481,1.1059050569961e-215
"PKM",4.94982542093077e-220,0.322114750274527,0.665,0.574,1.90929615961563e-215
"TGFBR2",1.01235129124917e-219,-0.459605170375204,0.364,0.422,3.90494263573542e-215
"RNH1",9.1335586120327e-219,-0.339078255810484,0.625,0.661,3.52308756341937e-214
"NCL",1.14667477032795e-218,-0.399944895975924,0.659,0.694,4.42306859158601e-214
"TPI1",1.21032973260999e-218,0.353909690417966,0.73,0.676,4.6686048775965e-214
"RTN3",1.34015121695599e-218,-0.362291437716233,0.344,0.409,5.16936528916433e-214
"HNMT",4.78644622478819e-217,-0.346101816673248,0.266,0.351,1.84627590228755e-212
"CITED2",5.05501528070433e-217,-0.563973579921597,0.225,0.315,1.94987104422608e-212
"SERTAD3",8.60258374562844e-217,-0.318524455063744,0.174,0.262,3.31827462820126e-212
"TCF7L2",8.95161966966425e-217,-0.40089595220997,0.411,0.472,3.45290825517959e-212
"ITGBL1",1.04861542840361e-216,0.390862019662034,0.576,0.436,4.04482429198123e-212
"SAT1",1.31334064641671e-216,-0.339371951165655,0.646,0.699,5.06594887542318e-212
"CBX3",3.94284104002205e-215,0.270533827074603,0.608,0.455,1.5208720743677e-210
"RBMX",4.1710691179963e-215,-0.382871700527483,0.42,0.469,1.60890649088471e-210
"CYP7B1",4.55437164009474e-214,-0.453342840802111,0.197,0.283,1.75675777273374e-209
"DRAP1",9.53075179958986e-214,0.337857362937657,0.653,0.532,3.67629689165579e-209
"TMEM176B",2.52519737909786e-213,-0.362351852286784,0.534,0.626,9.74044385039419e-209
"MBNL1",7.97386679174687e-213,-0.427607358545481,0.542,0.58,3.07575963758052e-208
"GNG5",1.64349307944505e-212,0.341473670829273,0.675,0.577,6.33944585534339e-208
"RBX1",7.66982654878339e-211,0.311720066893259,0.686,0.573,2.95848219466222e-206
"CTSC",5.48709917225208e-210,-0.624719712962402,0.282,0.37,2.1165387637128e-205
"FYN",3.68570112628989e-209,-0.364900993798403,0.333,0.401,1.4216854954438e-204
"EIF3H",1.2381967786877e-208,-0.342500169595344,0.516,0.555,4.77609643443208e-204
"SON",8.44902752514039e-208,-0.307029114109071,0.68,0.729,3.2590433872724e-203
"FKBP1A",2.19247855035452e-207,-0.380566044558612,0.553,0.588,8.45704751228248e-203
"RUNX1",2.93627184060956e-207,0.263486225431791,0.59,0.433,1.13260813707832e-202
"PDCD4",4.14579256537062e-207,-0.333344387497084,0.244,0.329,1.59915656624041e-202
"PCDH18",6.11796446365618e-207,-0.374632445340595,0.234,0.318,2.3598824325661e-202
"TRIM8",1.84238368491239e-206,-0.369004317539473,0.258,0.338,7.10662658781256e-202
"GOLIM4",7.18372144666582e-206,0.265609068101095,0.613,0.458,2.77097687362241e-201
"SUB1",2.94672690872072e-205,0.328995845041864,0.735,0.658,1.13664097050084e-200
"ARL13B",3.68917192339043e-205,-0.29522009862099,0.165,0.25,1.42302428600939e-200
"ARL5B",4.88516813488407e-205,-0.397311703350139,0.217,0.3,1.88435590466883e-200
"UQCRH",1.73449110007943e-204,0.30163663570334,0.736,0.678,6.69045252033639e-200
"JMJD6",8.42766670914275e-204,-0.28117144001339,0.193,0.279,3.25080387971763e-199
"NUFIP2",8.43092290176403e-204,-0.423164862567954,0.439,0.485,3.25205989089744e-199
"PNISR",5.64414924590615e-203,-0.383765536243326,0.544,0.587,2.17711768862338e-198
"NOTCH2",2.51983530335833e-202,-0.38942059512431,0.271,0.344,9.71976071564411e-198
"YME1L1",8.94687662928865e-201,-0.452380224086715,0.453,0.489,3.45107872221551e-196
"ATP5MF",1.27432998051876e-200,0.280835043090521,0.683,0.581,4.91547303385501e-196
"ABCA1",8.00808206952003e-200,-0.392687100685328,0.221,0.304,3.08895749667596e-195
"PCYOX1",9.14544587462891e-200,-0.356510249111724,0.232,0.309,3.52767283722061e-195
"PPP1CB",9.83321807023942e-199,0.351655659329961,0.607,0.459,3.79296720623345e-194
"UBL5",7.64955333955047e-198,0.288639919950657,0.773,0.738,2.9506622096648e-193
"NT5E",8.24848516428877e-198,-0.345059653292477,0.239,0.319,3.18168818242111e-193
"SERP1",1.26289701047815e-197,0.35493156066413,0.686,0.568,4.87137263851737e-193
"ZC3HAV1",1.73286288840842e-197,-0.479852814730907,0.255,0.327,6.68417201945781e-193
"NDUFB11",2.3014809375918e-196,0.324107185555698,0.69,0.597,8.87750242057286e-192
"CELF2",3.18650720530324e-196,-0.399441633618783,0.396,0.459,1.22913142430162e-191
"ING1",3.321212545813e-196,-0.282456521255937,0.181,0.267,1.28109131529645e-191
"EEF2",4.55495885531741e-196,-0.31482863015774,0.782,0.849,1.75698427926158e-191
"SH3KBP1",7.38321798916889e-195,-0.395041985470944,0.344,0.402,2.84792867496212e-190
"NASP",2.0680865811225e-194,-0.383907323834227,0.365,0.423,7.97723036936381e-190
"CCNI",7.06022667117698e-194,-0.285220722781564,0.694,0.75,2.7233412338731e-189
"PCBD1",7.11044176479829e-194,-0.350455593001008,0.332,0.398,2.74271070193564e-189
"H2AFZ",1.16901133786406e-193,-0.517536476186996,0.546,0.589,4.50922743354305e-189
"NOP10",1.60844111974029e-193,0.256471320015363,0.572,0.423,6.2042399311742e-189
"IRX2",3.30566036139451e-193,-0.328780624266313,0.193,0.276,1.27509237120071e-188
"RSL1D1",6.46250467521562e-193,-0.354776235051627,0.453,0.493,2.49278192837092e-188
"H2AFJ",1.18624137773771e-192,-0.335879806963621,0.423,0.492,4.57568886634769e-188
"TWISTNB",2.73173364516973e-192,-0.447269425107812,0.169,0.25,1.05371161895132e-187
"TSPO",1.23212310533696e-191,0.269342531608142,0.769,0.716,4.75266845421627e-187
"MAN1A1",7.12269910440943e-191,-0.416060533050695,0.466,0.504,2.74743872554385e-186
"UBXN1",1.42771478327045e-190,-0.35178696363672,0.425,0.468,5.5071242335091e-186
"TMEM205",2.86413241317391e-190,-0.360199209663764,0.326,0.387,1.10478179573357e-185
"TIMM13",1.21865099244696e-189,0.276958925762931,0.572,0.437,4.70070247316568e-185
"TNFSF12",3.60773181805312e-187,-0.323030408920977,0.247,0.322,1.39161039417763e-182
"ATP6V0E1",4.32004503871509e-187,0.321108799781361,0.79,0.729,1.66637097278357e-182
"NDFIP1",4.28498502375194e-185,-0.351554317990087,0.549,0.583,1.65284727321183e-180
"H1FX",6.62754525426359e-185,-0.400737989888928,0.352,0.429,2.55644303092709e-180
"YWHAE",1.28715700240882e-181,-0.26190140437848,0.639,0.672,4.96495070539154e-177
"TNS2",1.90979560440621e-180,-0.304078636693218,0.18,0.259,7.36665458487607e-176
"SAR1A",4.18141677270728e-180,0.252971751400298,0.61,0.474,1.61289789173638e-175
"NOLC1",6.25050436676977e-180,-0.386443419530852,0.233,0.301,2.41100704939411e-175
"TRA2B",4.49333837789232e-179,-0.375812008058541,0.452,0.492,1.7332154125044e-174
"TMEM109",6.69276768348253e-179,-0.351011912798988,0.338,0.392,2.58160127854971e-174
"RAB21",6.74545540615192e-179,-0.321651345849915,0.28,0.35,2.60192451381498e-174
"DNAJB6",5.49809641813498e-178,-0.338340916617877,0.474,0.508,2.12078073136721e-173
"ADAMTS1",6.00548506794142e-178,-0.546126920685517,0.417,0.493,2.31649575525705e-173
"HMGN3",9.7294485712043e-178,-0.313705765333245,0.46,0.507,3.75294019737063e-173
"ALKBH7",1.00511532795521e-177,0.277859429807286,0.575,0.444,3.87703135452162e-173
"DDIT4",3.36243955893905e-177,-0.38643327270693,0.348,0.431,1.29699381106956e-172
"PGAM1",5.7828390340498e-175,0.309609061562867,0.6,0.5,2.23061450060403e-170
"RBM25",1.94596330373922e-174,-0.308825618116072,0.555,0.59,7.50616425151328e-170
"MRPL33",5.33813093321543e-174,0.251777002564565,0.584,0.445,2.05907724486919e-169
"HNRNPC",2.22982767101255e-173,-0.338448301773604,0.585,0.604,8.60111427539671e-169
"PABPC1",2.67224972408297e-173,-0.351678898497683,0.682,0.733,1.03076688607052e-168
"FKBP8",2.38077965546442e-172,-0.31290001398619,0.507,0.537,9.1833813650229e-168
"CCND1",1.0927240046053e-171,-0.381034555451821,0.176,0.253,4.21496430296401e-167
"SLC25A37",2.02593810397552e-171,-0.333048721414364,0.252,0.326,7.81465104846476e-167
"AXL",2.36687192041223e-171,-0.407996720644423,0.418,0.453,9.12973505860611e-167
"KLF10",3.73252545931318e-170,-0.469994023573551,0.472,0.513,1.43974704542087e-165
"AHR",4.13366729279711e-169,-0.438070896346304,0.439,0.499,1.59447948485063e-164
"UBE2B",4.47042505771637e-169,-0.261086099535664,0.558,0.583,1.72437705751294e-164
"LEPROT",2.04487889025639e-168,-0.267300806281835,0.56,0.6,7.88771134338597e-164
"NDUFV2",8.08625496732061e-168,0.277307898322605,0.594,0.47,3.11911112854458e-163
"EIF1AX",9.30064151851098e-167,-0.323175392978079,0.567,0.598,3.58753645293524e-162
"ARL4D",2.07328914794565e-166,-0.347411791144762,0.19,0.265,7.99729823037077e-162
"COX6A1",2.63807391613667e-166,0.287680790632001,0.723,0.663,1.0175842516714e-161
"AK3",1.72144645887082e-164,-0.318677233267348,0.269,0.333,6.64013542580241e-160
"CCDC50",2.7479696465946e-162,-0.342238420193025,0.277,0.341,1.05997433178094e-157
"AURKAIP1",3.34223483282085e-162,0.251354737504041,0.583,0.448,1.28920024206399e-157
"LSAMP",3.1617527945294e-161,-0.279563434105514,0.18,0.258,1.21958290543383e-156
"ETFB",1.30116430619726e-160,0.279288948106721,0.562,0.432,5.01898107829469e-156
"NFIC",1.01540184489102e-159,-0.27681952245927,0.64,0.67,3.91670953629815e-155
"DDIT3",1.15867859431778e-159,-0.336718222583975,0.217,0.289,4.46937094186197e-155
"UBE2S",2.81325667995699e-159,-0.495186422627616,0.37,0.419,1.08515749915981e-154
"PGK1",3.94271310495137e-159,0.291708711020925,0.553,0.431,1.52082272597289e-154
"DNAJC15",8.55449309838124e-159,0.285131444855052,0.578,0.438,3.2997246228386e-154
"POLR2L",5.37862103406956e-158,-0.299688018637265,0.718,0.766,2.07469549147165e-153
"ARL4A",1.00027880525601e-157,-0.295230204185096,0.183,0.256,3.858375435514e-153
"SGK1",5.09554041754693e-157,-0.324072169871633,0.245,0.325,1.96550280526038e-152
"PPP1CC",1.17400140513698e-155,-0.319825856733102,0.439,0.473,4.52847562003487e-151
"CD46",1.74959371017523e-155,-0.316908254540364,0.25,0.317,6.74870781825893e-151
"PRRX2",5.67538696105486e-154,-0.332004367919581,0.478,0.524,2.18916701248769e-149
"LSP1",7.70324247387044e-154,-0.355001475505897,0.413,0.478,2.97137171944605e-149
"RPL4",3.64018683195384e-153,-0.276002735936171,0.749,0.842,1.40412926668955e-148
"NDN",1.24225382540038e-152,-0.282077688360301,0.414,0.46,4.79174568071687e-148
"BTG3",1.91219260140001e-152,-0.348018600668752,0.384,0.431,7.37590052138028e-148
"CBX6",4.82208563705127e-152,-0.276280147309334,0.193,0.265,1.86002309277979e-147
"CUTA",3.06184105598456e-151,0.26388976567055,0.647,0.563,1.18104395052492e-146
"ARMCX1",8.13831679304998e-151,-0.305337094964086,0.233,0.296,3.13919293658317e-146
"FEZ1",1.58656572527671e-150,-0.306415442506751,0.204,0.269,6.11985997210987e-146
"ID1",3.36126840958906e-150,-0.801805017839758,0.357,0.415,1.29654206363079e-145
"XG",4.54397505709963e-150,-0.361100517875793,0.279,0.342,1.75274749877504e-145
"TMEM159",1.39051973545179e-149,-0.279447983459084,0.243,0.308,5.36365177555819e-145
"PSMD8",1.1793749965809e-145,0.259313946606112,0.595,0.496,4.54920317431152e-141
"MEG3",3.32211052674809e-144,-0.341036400759647,0.707,0.746,1.28143769348254e-139
"MT-ATP8",4.48978799136569e-144,-0.582112351796692,0.289,0.343,1.73184592190949e-139
"CASC4",4.60074789073223e-144,0.25333050638941,0.486,0.369,1.77464648389214e-139
"COX5B",7.53226651082255e-141,0.259446865977339,0.726,0.67,2.90542116121958e-136
"BIN1",7.84430741158975e-141,-0.305359219241332,0.223,0.283,3.02578469787252e-136
"RAB8B",1.08727071042716e-139,-0.293945941305972,0.225,0.287,4.19392931133067e-135
"NDUFC2",1.43308388052547e-139,0.280289965041552,0.671,0.586,5.5278344523509e-135
"COLEC12",6.3672188849706e-138,-0.345008825596715,0.34,0.396,2.45602734049971e-133
"ATP5PF",3.68155488571053e-136,0.27187374238538,0.75,0.706,1.42008616606512e-131
"PTN",1.33268354839329e-134,0.539828211843334,0.698,0.611,5.14056025121744e-130
"ARIH1",1.7905086003628e-133,-0.28682581544217,0.295,0.35,6.90652882417942e-129
"SPAG9",2.53522120976925e-133,-0.337808283007172,0.51,0.523,9.77910877244295e-129
"NFAT5",7.06065993053645e-133,-0.266829407205871,0.288,0.346,2.72350835500582e-128
"CYB5R3",9.21176820762997e-133,-0.293273075213281,0.638,0.663,3.55325535072911e-128
"TMBIM1",3.94191791928207e-132,-0.322902134311652,0.253,0.305,1.52051599900467e-127
"ZNF703",8.97056918352054e-132,-0.304662966751011,0.216,0.278,3.46021765115938e-127
"CYSTM1",2.47135478384235e-131,-0.278573936775533,0.453,0.487,9.53275680771508e-127
"SYNE1",3.55913044017327e-131,-0.461857119425993,0.425,0.456,1.37286338468803e-126
"TOP1",2.03012956656344e-130,-0.387066436807288,0.444,0.461,7.83081877710517e-126
"ATF4",6.73947988420365e-130,-0.266442407094671,0.607,0.621,2.59961957573388e-125
"LY6E",3.61605618194844e-129,-0.30174516388874,0.662,0.707,1.39482135106297e-124
"CHIC2",1.26216587063832e-128,-0.261504119493789,0.233,0.292,4.86855241281319e-124
"BAZ1A",1.45105836824483e-128,-0.42910512774969,0.321,0.361,5.59716744383076e-124
"VAMP2",5.08097984736842e-127,-0.311181597357654,0.434,0.459,1.95988635652542e-122
"OPTN",1.36017134553916e-126,-0.322755261727159,0.402,0.435,5.24658893114819e-122
"IFT57",1.42861999294806e-126,-0.277026516049542,0.31,0.356,5.51061589879854e-122
"PARK7",2.14472861811097e-125,0.260095171053613,0.76,0.716,8.27286169863944e-121
"MAF",6.2542209118266e-125,-0.369178847603278,0.309,0.36,2.41244063231887e-120
"RUNX1T1",1.84393393098986e-124,-0.333957173904956,0.331,0.381,7.1126063520072e-120
"RNF13",1.89011247309201e-124,-0.314470772522954,0.284,0.331,7.29073084245781e-120
"SEC11A",1.9416507705749e-124,0.269688739242163,0.756,0.7,7.48952951733856e-120
"HIST1H4C",5.1471147002216e-124,-0.459390178175441,0.247,0.306,1.98539655331648e-119
"BLVRB",8.83279375867935e-121,-0.275415371763865,0.411,0.445,3.40707353653539e-116
"ESD",1.00930299645098e-120,-0.263045274637857,0.506,0.527,3.89318444821036e-116
"LRP1",1.57416162971931e-120,-0.298957050171563,0.77,0.816,6.07201365431629e-116
"PCNP",3.71609674582632e-120,-0.299536432006732,0.411,0.438,1.43340999776758e-115
"NTAN1",1.18825253694469e-119,-0.272399449452479,0.272,0.322,4.58344651075674e-115
"LAMA2",1.51102828403199e-118,-0.414089911237163,0.365,0.4,5.82848939999659e-114
"IMP3",3.63611055749401e-118,-0.280364171664282,0.24,0.294,1.40255692534216e-113
"ST3GAL4",3.82129546440995e-118,-0.273886134435071,0.234,0.288,1.47398829948685e-113
"MAP3K20",6.13040911918857e-118,-0.284021353779813,0.25,0.302,2.36468270954461e-113
"PTPN12",1.13582871987545e-116,-0.260622435621611,0.285,0.336,4.38123212117559e-112
"SUN1",6.31679072349385e-116,-0.302464918532893,0.237,0.291,2.43657568577328e-111
"KIAA0930",1.03074833556079e-115,-0.307037555282602,0.3,0.344,3.97590555475863e-111
"TCP1",7.33905745715631e-114,-0.354034744427616,0.444,0.457,2.83089463294891e-109
"SFRP1",5.7439258039111e-111,-0.519721781713602,0.196,0.261,2.21560450034263e-106
"ADH5",1.26409335188778e-109,-0.279827307059468,0.506,0.518,4.87598728623675e-105
"IGSF10",2.49718227405203e-109,-0.395460593311186,0.197,0.251,9.63238118570091e-105
"NUDT4",2.77404631249236e-108,-0.257554584252027,0.281,0.334,1.07003288411768e-103
"SF1",3.99306836778499e-108,-0.265983742310335,0.52,0.534,1.5402462615057e-103
"ARGLU1",1.55123675796462e-106,-0.254529335572542,0.531,0.554,5.98358554649694e-102
"RAB7A",2.06693396183612e-106,-0.278558365798661,0.496,0.502,7.97278437099045e-102
"TFAM",1.91923040671662e-105,-0.274059697129801,0.207,0.258,7.40304744782803e-101
"RPL17",2.04165364015573e-105,0.656163174804119,0.571,0.593,7.8752705861727e-101
"JMJD1C",6.53717781167567e-105,-0.322197896057391,0.495,0.505,2.52158559729766e-100
"HIPK3",4.94112444981288e-104,-0.280672968928654,0.27,0.315,1.90593993402632e-99
"STMN3",7.58843558343633e-104,-0.26577476803255,0.205,0.255,2.9270872575989e-99
"LPAR1",1.06903190711242e-103,-0.347053441049627,0.367,0.391,4.12357677530474e-99
"CLEC2B",1.52099810870165e-103,0.294132006980126,0.644,0.544,5.86694600469487e-99
"IGFBP3",6.49820181051457e-103,0.381331819536915,0.384,0.292,2.50655138436978e-98
"RPS17",2.0065707098974e-102,0.392524123732162,0.58,0.576,7.73994519928726e-98
"GNG12",2.38491775298951e-100,-0.274961002318522,0.465,0.474,9.19934324860645e-96
"PLAGL1",2.24613899190933e-99,-0.283973634718199,0.492,0.516,8.66403193349187e-95
"TANK",2.46068614997246e-99,-0.305538035125907,0.282,0.318,9.49160468628875e-95
"CILP",7.42519579164216e-98,-0.370348285075073,0.226,0.292,2.86412077271013e-93
"THUMPD3-AS1",1.25932890714379e-96,-0.312723896262506,0.239,0.286,4.85760939352574e-92
"TLE4",2.0798931597629e-96,-0.287641120302901,0.354,0.393,8.02277188515343e-92
"CACYBP",4.2926626909969e-95,-0.343806088061634,0.398,0.417,1.65580877979824e-90
"SPEN",9.26900656340317e-95,-0.286133443547133,0.266,0.308,3.5753339017015e-90
"FNBP1",1.52331694511154e-93,-0.277814892229187,0.244,0.288,5.87589045237874e-89
"CH25H",5.94572798012986e-93,-0.665223682606096,0.207,0.253,2.29344565377549e-88
"ARHGAP12",1.00885559054644e-92,-0.261135256214566,0.209,0.257,3.89145866941479e-88
"ELOC",1.05272003460003e-92,-0.269278806622944,0.518,0.52,4.06065698946268e-88
"DDX21",1.55875472577633e-91,-0.339328906657324,0.446,0.456,6.01258460373703e-87
"UBL3",2.61549287552559e-91,-0.289546536134162,0.451,0.465,1.00887406687649e-86
"CAMLG",3.25887916341007e-91,-0.259705103536211,0.483,0.492,1.25704745970217e-86
"PHIP",4.98101049032993e-91,-0.30296997730363,0.278,0.318,1.92132517643496e-86
"OAF",6.52624725418002e-91,-0.331410422113953,0.388,0.417,2.51736935335486e-86
"GLUD1",1.59540526118157e-90,-0.28906388295616,0.349,0.374,6.15395671395568e-86
"LUC7L3",2.0677841987186e-90,-0.283686583132394,0.469,0.482,7.97606398971724e-86
"RBMS1",2.26832434432343e-90,-0.27853943037557,0.486,0.493,8.74960749335877e-86
"CALCOCO2",3.76378039922937e-89,-0.254086849283723,0.306,0.342,1.45180301339474e-84
"LAMB2",5.99473631281077e-89,-0.285468706067885,0.529,0.538,2.3123496379405e-84
"SPTAN1",6.86814650155066e-89,-0.281459761247111,0.39,0.412,2.64925015004314e-84
"ACKR3",1.16978201087598e-86,-0.663304959834051,0.242,0.278,4.51220015055193e-82
"CHMP1B",3.73979470557096e-86,-0.345435704318581,0.275,0.313,1.44255101177989e-81
"ADI1",4.3047481482985e-86,-0.264298926102996,0.374,0.398,1.66047050324318e-81
"GNG11",4.48327004803368e-86,-0.251310076977351,0.497,0.513,1.72933175562803e-81
"EIF4B",5.43160967570202e-86,-0.276582920249402,0.512,0.516,2.09513480020854e-81
"TMEM123",4.6962204697075e-85,-0.31145107452155,0.369,0.388,1.81147312178028e-80
"ARHGAP21",7.64914573067151e-85,-0.300469149145823,0.398,0.414,2.95050498269192e-80
"KLF13",9.08230869134885e-85,-0.289267164066123,0.293,0.327,3.50331893151399e-80
"PIM1",4.11593696213418e-83,-0.343989220883297,0.279,0.317,1.58764036440402e-78
"YTHDC1",1.08835965000112e-82,-0.265404807723434,0.308,0.34,4.19812967794932e-78
"PRKAR1A",1.38935290978778e-82,-0.256198265923961,0.469,0.473,5.35915097892439e-78
"CD55",1.6842703987787e-81,-0.555225791716002,0.514,0.507,6.49673620920907e-77
"TMX4",1.76099007792826e-78,-0.259167605278644,0.266,0.301,6.79266702759268e-74
"ATP5MD",5.32052003675006e-78,0.255797049764292,0.577,0.521,2.0522841937756e-73
"KLF3",1.07475803180813e-77,-0.282527544988064,0.28,0.313,4.14566415609349e-73
"FOXO3",1.28361781817935e-77,-0.33302379606309,0.3,0.328,4.95129901006319e-73
"USP15",1.81704491235687e-77,-0.251322996820356,0.237,0.276,7.00888734043416e-73
"TPST1",3.84464775394783e-77,-0.257044760092936,0.336,0.358,1.4829959781303e-72
"COQ10B",1.14892542973743e-73,-0.261175948140249,0.319,0.343,4.43175006012619e-69
"SESTD1",1.89689823672258e-73,-0.277799818606176,0.287,0.314,7.31690556851e-69
"OSMR",1.21015934863485e-72,-0.313079956918416,0.233,0.266,4.66794765548919e-68
"CPNE3",6.96050526028027e-72,-0.25495259424095,0.371,0.387,2.68487569404791e-67
"ASH1L",3.1552690089836e-71,-0.263526267970379,0.397,0.409,1.21708191483525e-66
"ANXA4",2.90263857816407e-66,-0.256526659409647,0.443,0.443,1.11963477875523e-61
"TAF7",4.27207193075734e-66,-0.308633076672901,0.34,0.356,1.64786630585103e-61
"IRF2BPL",4.89659496905191e-65,-0.279779182188371,0.238,0.271,1.88876357741239e-60
"LAMC1",1.7855936235291e-63,-0.309170850952623,0.522,0.513,6.88757028403878e-59
"CYCS",4.15745290007588e-63,-0.524954147723162,0.515,0.495,1.60365430714627e-58
"TMSB4X",9.16989401782926e-63,-0.273131315413609,0.935,0.971,3.53710321949728e-58
"SLC3A2",4.57217633526294e-61,-0.260060697485712,0.504,0.495,1.76362557780098e-56
"PSME2",2.4855802382404e-60,-0.253661372785692,0.404,0.411,9.58762865296469e-56
"BBX",8.87845908300629e-60,-0.280667763615239,0.329,0.343,3.42468802208802e-55
"DNTTIP2",9.50837707411417e-59,-0.262428288322416,0.254,0.277,3.66766628879806e-54
"HTRA3",1.56444588711017e-58,-0.380911183613838,0.362,0.385,6.03453712035007e-54
"PCM1",1.02858736424529e-57,-0.284610952338452,0.36,0.369,3.96757004010335e-53
"TYMP",7.68195155489503e-57,-0.253288857070106,0.51,0.529,2.96315917326966e-52
"HMGB2",8.39160629603421e-57,-0.257435404960633,0.301,0.321,3.23689429656927e-52
"EIF4E",2.00567707762914e-56,-0.288749266046984,0.267,0.289,7.7364981915389e-52
"CHD2",1.06690033072997e-55,-0.264705324823475,0.295,0.314,4.1153546457247e-51
"PHACTR2",1.32888888217155e-54,-0.295870427304432,0.431,0.432,5.12592308520033e-50
"NEU1",3.28654295983277e-54,-0.280508455011366,0.353,0.361,1.26771821589629e-49
"BHLHE40",1.53579784566991e-53,-0.290933614189212,0.464,0.465,5.92403303010253e-49
"HSPB6",3.71187208324896e-52,-0.286675337997068,0.221,0.254,1.43178041867162e-47
"VCAM1",1.40666310025826e-51,-0.277034747237185,0.239,0.275,5.42592157662618e-47
"RECK",1.17353778366745e-49,-0.314728200421346,0.327,0.338,4.52668729294044e-45
"CDKN1C",2.8617364349107e-49,-0.288239373103538,0.481,0.479,1.10385759503811e-44
"MEF2A",1.12899915147799e-45,-0.261068892072252,0.334,0.344,4.35488842699604e-41
"SKI",1.61852587249209e-42,-0.259447165926928,0.299,0.31,6.24313984796373e-38
"ELL2",1.70801901457448e-42,-0.304364452909912,0.266,0.28,6.58834174491812e-38
"CRYBG3",2.41311889682501e-39,-0.302567590922297,0.24,0.258,9.30812352072313e-35
"ADAMTS5",5.37792155455468e-38,-0.322655332801714,0.285,0.304,2.07442568123837e-33
"MFAP4",1.29561684841175e-36,-0.280502045800366,0.814,0.793,4.99758286937864e-32
"TIMP1",8.17250379320569e-36,-0.349865379538121,0.929,0.924,3.15237988815323e-31
"SLC39A14",2.38339608894413e-32,-0.259138128025914,0.305,0.308,9.19347373388418e-28
"TNFAIP6",1.90171606436682e-31,-0.546063497934098,0.61,0.465,7.33548937508215e-27
"PHF3",5.67388956481635e-30,-0.251791467987707,0.342,0.338,2.18858942183661e-25
"NID1",1.87650146282309e-21,-0.262804179868813,0.376,0.36,7.2382290925475e-17
"ADAMTS4",2.65240894341526e-16,-0.341307011372603,0.251,0.248,1.02311370174357e-11
"ELN",2.7764864892219e-14,-0.372333865031303,0.522,0.546,1.07097413348756e-09
"IGFBP6",6.8785813414073e-13,-0.260037353285693,0.619,0.532,2.65327518082104e-08
"MFAP5",1.08376718919328e-12,-0.444499064258618,0.624,0.503,4.18041517887523e-08
"FILIP1L",2.83724881983775e-08,-0.26524805548385,0.455,0.431,0.00109441198727602
"SEPT11",9.90707444699886e-08,0.600895086893403,0.348,0.412,0.00382145582644087
"QPCT",0.756026885710595,-0.256486781131189,0.388,0.337,1
